source_file,source_category_file,original_row_number,product_name,category,subcategory,product_type,target_area,volume_value,volume_unit,skin_type,hair_type,concern_tags,effect_tags,active_ingredients,ingredients_text,ingredients_list,ingredients_count,has_full_ingredients,potential_allergens_or_irritants,usage,properties,precautions,contraindications,storage_conditions,clean_description,raw_description,data_quality,recommendation_text,ml_features_text,source_url,main_image,is_promo,dedupe_key,source_variant_count,duplicate_source_urls,id
hair_all.json,волосы,4,Шампунь для волос от выпадения с тимохиноном 200 мл,волосы,очищение,шампунь,волосы | кожа головы,200.0,мл,,,возрастные изменения | выпадение волос,антивозрастной уход | антиоксидантная защита | восстановление | очищение | питание | укрепление,бетаин | капсаицин | лимонная кислота | пантенол | прополис | тимохинон | черного тмина | экстракт корня лопуха | экстракт прополиса | экстракт черного тмина | экстракт шалфея,"вода очищенная, кокамид ДЭА, кокоглюкозид, натрия лаурет саркозинат, динатрий лауретсульфосукцинат, кокамидопропилбетаин, полисорбат-80, пантенол, бензоат натрия, парфюмерная композиция, экстракт черного тмина с тимохиноном, бетаин, лимонная кислота, экстракт шалфея мускатного, экстракт корня лопуха, экстракт чабера, экстракт прополиса, трилон Б, капсаицин, бикарбонат натрия",вода очищенная | кокамид ДЭА | кокоглюкозид | натрия лаурет саркозинат | динатрий лауретсульфосукцинат | кокамидопропилбетаин | полисорбат-80 | пантенол | бензоат натрия | парфюмерная композиция | экстракт черного тмина с тимохиноном | бетаин | лимонная кислота | экстракт шалфея мускатного | экстракт корня лопуха | экстракт чабера | экстракт прополиса | трилон Б | капсаицин | бикарбонат натрия,20,True,капсаицин | парфюмерная композиция | прополис | экстракт прополиса,"небольшое количество шампуня равномерно распределите по всей длине волос, уделяя особое внимание корням и коже головы, легкими массажными движениями вспеньте шампунь, оставьте пену на волосах примерно на 2–3 минуты, тщательно смойте шампунь большим количеством воды, применяйте шампунь регулярно, желательно 2–3 раза в неделю, продолжайте использование до полного исчезновения симптомов перхоти и раздражения кожи головы",,"избегать попадания в глаза, при попадании в глаза, немедленно промыть водой, не используйте продукт при наличии открытых ран, воспалений или раздражений на коже головы",индивидуальная непереносимость компонентов,"плотно закрытым при температуре от +5°С до +25°С, избегать попадания прямых солнечных лучей","Обретите роскошь густых и здоровых волос с нашим эксклюзивным шампунем, богатым ценнейшими компонентами природы! Уникальная формула сочетает активные природные ингредиенты: насыщенные лекарственные травы, богатые витаминами и микроэлементами, способствуют укреплению корней волос и стимулируют рост новых крепких волосков. Тайна нашей уникальной рецептуры заключается в мощном антиоксиданте тимохиноне, который активно борется с причинами выпадения волос, замедляет процессы старения клеток кожи головы и восстанавливает баланс необходимых питательных веществ. Благодаря бережному уходу и глубокому восстановлению структуры волос, наш шампунь обеспечивает идеальные условия для роста красивых, сильных и здоровых локонов.","Обретите роскошь густых и здоровых волос с нашим эксклюзивным шампунем, богатым ценнейшими компонентами природы! Уникальная формула сочетает активные природные ингредиенты: насыщенные лекарственные травы, богатые витаминами и микроэлементами, способствуют укреплению корней волос и стимулируют рост новых крепких волосков. Тайна нашей уникальной рецептуры заключается в мощном антиоксиданте тимохиноне, который активно борется с причинами выпадения волос, замедляет процессы старения клеток кожи головы и восстанавливает баланс необходимых питательных веществ. Благодаря бережному уходу и глубокому восстановлению структуры волос, наш шампунь обеспечивает идеальные условия для роста красивых, сильных и здоровых локонов.Состав: вода очищенная, кокамид ДЭА, кокоглюкозид, натрия лаурет саркозинат, динатрий лауретсульфосукцинат, кокамидопропилбетаин, полисорбат-80, пантенол, бензоат натрия, парфюмерная композиция, экстракт черного тмина с тимохиноном, бетаин, лимонная кислота, экстракт шалфея мускатного, экстракт корня лопуха, экстракт чабера, экстракт прополиса, трилон Б, капсаицин, бикарбонат натрия.Способ применения: небольшое количество шампуня равномерно распределите по всей длине волос, уделяя особое внимание корням и коже головы, легкими массажными движениями вспеньте шампунь, оставьте пену на волосах примерно на 2–3 минуты, тщательно смойте шампунь большим количеством воды, применяйте шампунь регулярно, желательно 2–3 раза в неделю, продолжайте использование до полного исчезновения симптомов перхоти и раздражения кожи головы.Меры предосторожности: избегать попадания в глаза, при попадании в глаза, немедленно промыть водой, не используйте продукт при наличии открытых ран, воспалений или раздражений на коже головы.Противопоказания: индивидуальная непереносимость компонентовУсловия хранения: плотно закрытым при температуре от +5°С до +25°С, избегать попадания прямых солнечных лучей.",good,"проблемы: возрастные изменения, выпадение волос; эффекты: антивозрастной уход, антиоксидантная защита, восстановление, очищение, питание, укрепление; тип кожи: зрелая",Шампунь для волос от выпадения с тимохиноном 200 мл | волосы | очищение | шампунь | кожа головы | возрастные изменения | выпадение волос | антивозрастной уход | антиоксидантная защита | восстановление | питание | укрепление | бетаин | капсаицин | лимонная кислота | пантенол | прополис | тимохинон | черного тмина | экстракт корня лопуха | экстракт прополиса | экстракт черного тмина | экстракт шалфея,https://socrimea.ru/catalog/volosy/ochishchenie/shampun_dlya_volos_ot_vypadeniya_s_timokhinonom_200_ml_markirovka/,https://socrimea.ru/upload/iblock/12d/3vyu0bk36bytlculjm0idgiv7pof1cdg.jpg,False,шампунь_шампунь_для_волос_от_выпадения_с_тимохиноном_200_мл_200мл,3,https://socrimea.ru/catalog/volosy/ochishchenie/aktsiya_shampun_dlya_volos_ot_vypadeniya_s_timokhinonom_200_ml/ | https://socrimea.ru/catalog/volosy/ochishchenie/aktsiya_shampun_dlya_volos_ot_vypadeniya_s_timokhinonom_200_ml_markirovka/,SOC_0001
hair_all.json,волосы,2,Шампунь для волос при дерматите и псориазе с тимохиноном 200 мл,волосы,очищение,шампунь,волосы | кожа головы,200.0,мл,проблемная,,воспаления | дерматит | зуд | повреждение | потеря упругости | псориаз,антибактериальный эффект | восстановление | объем | очищение | противовоспалительный эффект | смягчение | увлажнение | успокаивающий эффект | эксфолиация,бетаин | бисаболол | глицерин | карбамид | лимонная кислота | масло лаванды | мочевина | пантенол | прополис | салициловая кислота | тимохинон | цинк pca | черного тмина | экстракт бархатцев | экстракт мирта | экстракт монарды | экстракт прополиса | экстракт розмарина | экстракт черного тмина | эфирное масло лаванды,"вода очищенная, натрия лауретсульфат, кокамид ДЭА, кокамидопропилбетаин, мочевина (карбамид), метилсульфонилметан, полисорбат-80, кокоглюкозид, салициловая кислота, хлорид натрия, пантенол, бикарбонат натрия, бензоат натрия, глицерин, бетаин, цинк PCA, экстракт черного тмина с тимохиноном, эфирное масло лаванды, трилон Б, бисаболол, экстракт мирта, экстракт прополиса, экстракт розмарина, экстракт монарды лимонной, лимонная кислота, экстракт виноградной косточки, экстракт бархатцев",вода очищенная | натрия лауретсульфат | кокамид ДЭА | кокамидопропилбетаин | мочевина (карбамид) | метилсульфонилметан | полисорбат-80 | кокоглюкозид | салициловая кислота | хлорид натрия | пантенол | бикарбонат натрия | бензоат натрия | глицерин | бетаин | цинк PCA | экстракт черного тмина с тимохиноном | эфирное масло лаванды | трилон Б | бисаболол | экстракт мирта | экстракт прополиса | экстракт розмарина | экстракт монарды лимонной | лимонная кислота | экстракт виноградной косточки | экстракт бархатцев,27,True,натрия лауретсульфат | прополис | салициловая кислота | экстракт прополиса | эфирное масло лаванды,"небольшое количество шампуня равномерно распределите по всей длине волос, уделяя особое внимание корням и коже головы, легкими массажными движениями вспеньте шампунь, оставьте пену на волосах примерно на 2–3 минуты, тщательно смойте шампунь большим количеством воды, применяйте шампунь регулярно, желательно 2–3 раза в неделю, продолжайте использование до полного исчезновения симптомов перхоти и раздражения кожи головы",,"избегать попадания в глаза, при попадании в глаза, немедленно промыть водой, не используйте продукт при наличии открытых ран, воспалений или раздражений на коже головы",индивидуальная непереносимость компонентов,"плотно закрытым при температуре от +5°С до +25°С, избегать попадания прямых солнечных лучей","Наш уникальный шампунь разработан специально для деликатного ухода за кожей головы, страдающей от псориаза и дерматита. Основу состава составляют исключительно натуральные экстракты лечебных трав. Эти драгоценные растения обладают противовоспалительными, регенерирующими и увлажняющими свойствами, помогая облегчить симптомы заболеваний и вернуть комфорт. Особый ингредиент нашего шампуня — тимохинон, известный своими сильными антисептическими и заживляющими качествами. Он способствует быстрому снятию воспаления, уменьшению зуда и покраснения, ускорению процесса восстановления поврежденных участков кожи. Ваш ежедневный ритуал очищения превратится в приятный уход, дарящий чувство легкости и свежести. Волосы приобретут естественный объем, здоровье и эластичность, ваша кожа головы почувствует долгожданное облегчение.","Наш уникальный шампунь разработан специально для деликатного ухода за кожей головы, страдающей от псориаза и дерматита. Основу состава составляют исключительно натуральные экстракты лечебных трав. Эти драгоценные растения обладают противовоспалительными, регенерирующими и увлажняющими свойствами, помогая облегчить симптомы заболеваний и вернуть комфорт. Особый ингредиент нашего шампуня — тимохинон, известный своими сильными антисептическими и заживляющими качествами. Он способствует быстрому снятию воспаления, уменьшению зуда и покраснения, ускорению процесса восстановления поврежденных участков кожи. Ваш ежедневный ритуал очищения превратится в приятный уход, дарящий чувство легкости и свежести. Волосы приобретут естественный объем, здоровье и эластичность, ваша кожа головы почувствует долгожданное облегчение.Состав: вода очищенная, натрия лауретсульфат, кокамид ДЭА, кокамидопропилбетаин, мочевина (карбамид), метилсульфонилметан, полисорбат-80, кокоглюкозид, салициловая кислота, хлорид натрия, пантенол, бикарбонат натрия, бензоат натрия, глицерин, бетаин, цинк PCA, экстракт черного тмина с тимохиноном, эфирное масло лаванды, трилон Б, бисаболол, экстракт мирта, экстракт прополиса, экстракт розмарина, экстракт монарды лимонной, лимонная кислота, экстракт виноградной косточки, экстракт бархатцев.Способ применения: небольшое количество шампуня равномерно распределите по всей длине волос, уделяя особое внимание корням и коже головы, легкими массажными движениями вспеньте шампунь, оставьте пену на волосах примерно на 2–3 минуты, тщательно смойте шампунь большим количеством воды, применяйте шампунь регулярно, желательно 2–3 раза в неделю, продолжайте использование до полного исчезновения симптомов перхоти и раздражения кожи головы.Меры предосторожности: избегать попадания в глаза, при попадании в глаза, немедленно промыть водой, не используйте продукт при наличии открытых ран, воспалений или раздражений на коже головы.Противопоказания: индивидуальная непереносимость компонентовУсловия хранения: плотно закрытым при температуре от +5°С до +25°С, избегать попадания прямых солнечных лучей.",good,"проблемы: воспаления, дерматит, зуд, повреждение, потеря упругости, псориаз; эффекты: антибактериальный эффект, восстановление, объем, очищение, противовоспалительный эффект, смягчение, увлажнение, успокаивающий эффект, эксфолиация; тип волос: поврежденные",Шампунь для волос при дерматите и псориазе с тимохиноном 200 мл | волосы | очищение | шампунь | кожа головы | проблемная | воспаления | дерматит | зуд | повреждение | потеря упругости | псориаз | антибактериальный эффект | восстановление | объем | противовоспалительный эффект | смягчение | увлажнение | успокаивающий эффект | эксфолиация | бетаин | бисаболол | глицерин | карбамид | лимонная кислота | масло лаванды | мочевина | пантенол | прополис | салициловая кислота | тимохинон | цинк pca | черного тмина | экстракт бархатцев | экстракт мирта | экстракт монарды | экстракт прополиса | экстракт розмарина | экстракт черного тмина | эфирное масло лаванды,https://socrimea.ru/catalog/volosy/shampun_dlya_volos_pri_dermatite_i_psoriaze_s_timokhinonom_200_ml_markirovka/,https://socrimea.ru/upload/iblock/946/bj9kv5vttflaygrw1bbhcagxucmk3vtv.jpg,False,шампунь_шампунь_для_волос_при_дерматите_и_псориазе_с_тимохиноном_200_мл_200мл,3,https://socrimea.ru/catalog/volosy/ochishchenie/aktsiya_shampun_dlya_volos_pri_dermatite_i_psoriaze_s_timokhinonom_200_ml_markirovka/ | https://socrimea.ru/catalog/volosy/ochishchenie/aktsiya_shampun_dlya_volos_pri_dermatite_i_psoriaze_s_timokhinonom_200_ml/,SOC_0002
hair_all.json,волосы,1,Шампунь для волос при перхоти с тимохиноном 200 мл,волосы,очищение,шампунь,волосы | кожа головы,200.0,мл,проблемная,,зуд | перхоть | шелушение,антибактериальный эффект | антиоксидантная защита | блеск | восстановление | очищение | смягчение | укрепление | эксфолиация,бетаин | глицерин | карбамид | лимонная кислота | мочевина | пантенол | прополис | салициловая кислота | тимохинон | черного тмина | экстракт корня лопуха | экстракт мирта | экстракт монарды | экстракт прополиса | экстракт розмарина | экстракт черного тмина,"вода очищенная, натрия лауретсульфат, метилсульфонилметан, кокамид ДЭА, кокамидопропилбетаин, салициловая кислота, полисорбат-80, кокоглюкозид, мочевина (карбамид), хлорид натрия, бикарбонат натрия, пантенол, бензоат натрия, парфюмерная композиция, глицерин, бетаин, экстракт черного тмина с тимохиноном, трилон Б, экстракт мирта, экстракт прополиса, экстракт розмарина, экстракт монарды лимонной, лимонная кислота, экстракт виноградной косточки, экстракт корня лопуха",вода очищенная | натрия лауретсульфат | метилсульфонилметан | кокамид ДЭА | кокамидопропилбетаин | салициловая кислота | полисорбат-80 | кокоглюкозид | мочевина (карбамид) | хлорид натрия | бикарбонат натрия | пантенол | бензоат натрия | парфюмерная композиция | глицерин | бетаин | экстракт черного тмина с тимохиноном | трилон Б | экстракт мирта | экстракт прополиса | экстракт розмарина | экстракт монарды лимонной | лимонная кислота | экстракт виноградной косточки | экстракт корня лопуха,25,True,натрия лауретсульфат | парфюмерная композиция | прополис | салициловая кислота | экстракт прополиса,"небольшое количество шампуня равномерно распределите по всей длине волос, уделяя особое внимание корням и коже головы, легкими массажными движениями вспеньте шампунь, оставьте пену на волосах примерно на 2–3 минуты, тщательно смойте шампунь большим количеством воды, применяйте шампунь регулярно, желательно 2–3 раза в неделю, продолжайте использование до полного исчезновения симптомов перхоти и раздражения кожи головы",,"избегать попадания в глаза, при попадании в глаза, немедленно промыть водой, не используйте продукт при наличии открытых ран, воспалений или раздражений на коже головы",индивидуальная непереносимость компонентов,"плотно закрытым при температуре от +5°С до +25°С, избегать попадания прямых солнечных лучей","Откройте мир естественной красоты и здоровья ваших волос вместе с нашим уникальным шампунем, обогащённым целебными силами природы! Натуральный состав включает ценные экстракты лекарственных растений, которые глубоко очищают и восстанавливают структуру волос. Особенность формулы — мощный антиоксидант тимохинон, обладающий выраженным противогрибковым действием, эффективно устраняющий перхоть и предотвращающий её повторное появление. Шампунь мягко заботится о коже головы, уменьшает зуд и шелушение, укрепляет корни и улучшает общее состояние волос, придавая им блеск и жизненную силу. При регулярном применении ваши волосы обретут невероятную мягкость, гладкость и объём, радуя вас здоровьем и сияющим видом каждый день!","Откройте мир естественной красоты и здоровья ваших волос вместе с нашим уникальным шампунем, обогащённым целебными силами природы! Натуральный состав включает ценные экстракты лекарственных растений, которые глубоко очищают и восстанавливают структуру волос. Особенность формулы — мощный антиоксидант тимохинон, обладающий выраженным противогрибковым действием, эффективно устраняющий перхоть и предотвращающий её повторное появление. Шампунь мягко заботится о коже головы, уменьшает зуд и шелушение, укрепляет корни и улучшает общее состояние волос, придавая им блеск и жизненную силу. При регулярном применении ваши волосы обретут невероятную мягкость, гладкость и объём, радуя вас здоровьем и сияющим видом каждый день!Состав: вода очищенная, натрия лауретсульфат, метилсульфонилметан, кокамид ДЭА, кокамидопропилбетаин, салициловая кислота, полисорбат-80, кокоглюкозид, мочевина (карбамид), хлорид натрия, бикарбонат натрия, пантенол, бензоат натрия, парфюмерная композиция, глицерин, бетаин, экстракт черного тмина с тимохиноном, трилон Б, экстракт мирта, экстракт прополиса, экстракт розмарина, экстракт монарды лимонной, лимонная кислота, экстракт виноградной косточки, экстракт корня лопуха.Способ применения: небольшое количество шампуня равномерно распределите по всей длине волос, уделяя особое внимание корням и коже головы, легкими массажными движениями вспеньте шампунь, оставьте пену на волосах примерно на 2–3 минуты, тщательно смойте шампунь большим количеством воды, применяйте шампунь регулярно, желательно 2–3 раза в неделю, продолжайте использование до полного исчезновения симптомов перхоти и раздражения кожи головы.Меры предосторожности: избегать попадания в глаза, при попадании в глаза, немедленно промыть водой, не используйте продукт при наличии открытых ран, воспалений или раздражений на коже головы.Противопоказания: индивидуальная непереносимость компонентовУсловия хранения: плотно закрытым при температуре от +5°С до +25°С, избегать попадания прямых солнечных лучей.",good,"проблемы: зуд, перхоть, шелушение; эффекты: антибактериальный эффект, антиоксидантная защита, блеск, восстановление, очищение, смягчение, укрепление, эксфолиация",Шампунь для волос при перхоти с тимохиноном 200 мл | волосы | очищение | шампунь | кожа головы | проблемная | зуд | перхоть | шелушение | антибактериальный эффект | антиоксидантная защита | блеск | восстановление | смягчение | укрепление | эксфолиация | бетаин | глицерин | карбамид | лимонная кислота | мочевина | пантенол | прополис | салициловая кислота | тимохинон | черного тмина | экстракт корня лопуха | экстракт мирта | экстракт монарды | экстракт прополиса | экстракт розмарина | экстракт черного тмина,https://socrimea.ru/catalog/volosy/shampun_dlya_volos_pri_perkhoti_s_timokhinonom_200_ml_markirovka/,https://socrimea.ru/upload/iblock/b35/h5omy9j8ykudmcxkdcrw9241nxizcktx.jpg,False,шампунь_шампунь_для_волос_при_перхоти_с_тимохиноном_200_мл_200мл,3,https://socrimea.ru/catalog/volosy/ochishchenie/aktsiya_shampun_dlya_volos_pri_perkhoti_s_timokhinonom_200_ml_markirovka/ | https://socrimea.ru/catalog/volosy/ochishchenie/aktsiya_shampun_dlya_volos_pri_perkhoti_s_timokhinonom_200_ml/,SOC_0003
hair_all.json,волосы,25,Шампунь для жирных и лишенных объема волос с маслом Розмарина с тимохиноном 100 мл,волосы,очищение,шампунь,волосы,100.0,мл,,жирные | лишенные объема,жирность,объем | себорегуляция,,,,0,False,,,,,,,,,poor,"проблемы: жирность; эффекты: объем, себорегуляция; тип кожи: жирная; тип волос: жирные, лишенные объема",Шампунь для жирных и лишенных объема волос с маслом Розмарина с тимохиноном 100 мл | волосы | очищение | шампунь | жирные | лишенные объема | жирность | объем | себорегуляция,https://socrimea.ru/catalog/volosy/shampun_dlya_zhirnykh_i_lishennykh_obema_volos_s_maslom_rozmarina_s_timokhinonom_100_ml_markirovka/,https://socrimea.ru/local/templates/main/assets/images/nophoto.jpg,False,шампунь_шампунь_для_жирных_и_лишенных_объема_волос_с_маслом_розмарина_с_тимохиноном_100_мл_100мл,1,,SOC_0004
hair_all.json,волосы,27,Шампунь для поврежденных волос с маслом Розы с тимохиноном 100 мл,волосы,очищение,шампунь,волосы,100.0,мл,,поврежденные,повреждение,,,,,0,False,,,,,,,,,poor,проблемы: повреждение; тип волос: поврежденные,Шампунь для поврежденных волос с маслом Розы с тимохиноном 100 мл | волосы | очищение | шампунь | поврежденные | повреждение,https://socrimea.ru/catalog/volosy/ochishchenie/shampun_dlya_povrezhdennykh_volos_s_maslom_rozy_s_timokhinonom_100_ml_markirovka/,https://socrimea.ru/local/templates/main/assets/images/nophoto.jpg,False,шампунь_шампунь_для_поврежденных_волос_с_маслом_розы_с_тимохиноном_100_мл_100мл,1,,SOC_0005
hair_all.json,волосы,18,Шампунь для поврежденных волос с маслом Розы с тимохиноном 350 мл,волосы,очищение,шампунь,волосы | кожа головы,350.0,мл,,поврежденные,повреждение | сухость,блеск | восстановление | очищение | смягчение | увлажнение,,,,0,False,,,,,индивидуальная непереносимость компонентов,,"Шампунь для поврежденных волос с маслом Розы 350 млБережно очищает волосы и кожу головы, глубоко проникает в структуру волос, восстанавливая их по всей длине. Шампунь особенно полезен для сухих и поврежденных волос, хорошо увлажняет, смягчает, не спутывает волосы при мытье, облегчает расчесывание и придает им ухоженный вид и сияющий блеск.","Шампунь для поврежденных волос с маслом Розы 350 млБережно очищает волосы и кожу головы, глубоко проникает в структуру волос, восстанавливая их по всей длине. Шампунь особенно полезен для сухих и поврежденных волос, хорошо увлажняет, смягчает, не спутывает волосы при мытье, облегчает расчесывание и придает им ухоженный вид и сияющий блеск.",partial,"проблемы: повреждение, сухость; эффекты: блеск, восстановление, очищение, смягчение, увлажнение; тип кожи: сухая; тип волос: поврежденные, сухие",Шампунь для поврежденных волос с маслом Розы с тимохиноном 350 мл | волосы | очищение | шампунь | кожа головы | поврежденные | повреждение | сухость | блеск | восстановление | смягчение | увлажнение,https://socrimea.ru/catalog/volosy/shampun_dlya_povrezhdennykh_volos_s_maslom_rozy_s_timokhinonom_350_ml_markirovka/,https://socrimea.ru/upload/iblock/977/fdtl2ztdusgv22l4ybd8oqu1r89zu2r5.png,False,шампунь_шампунь_для_поврежденных_волос_с_маслом_розы_с_тимохиноном_350_мл_350мл,1,,SOC_0006
hair_all.json,волосы,24,Шампунь для сухих и тонких волос с маслом Лаванды с тимохиноном 100 мл,волосы,очищение,шампунь,волосы,100.0,мл,,сухие | тонкие,сухость,,,,,0,False,,,,,,,,,poor,"проблемы: сухость; тип кожи: сухая; тип волос: сухие, тонкие",Шампунь для сухих и тонких волос с маслом Лаванды с тимохиноном 100 мл | волосы | очищение | шампунь | сухие | тонкие | сухость,https://socrimea.ru/catalog/volosy/ochishchenie/shampun_dlya_sukhikh_i_tonkikh_volos_s_maslom_lavandy_s_timokhinonom_100_ml_markirovka/,https://socrimea.ru/local/templates/main/assets/images/nophoto.jpg,False,шампунь_шампунь_для_сухих_и_тонких_волос_с_маслом_лаванды_с_тимохиноном_100_мл_100мл,1,,SOC_0007
hair_all.json,волосы,7,Шампунь ежедневный уход для всех типов волос с маслом Глицинии с тимохиноном 100 мл,волосы,очищение,шампунь,волосы,100.0,мл,,все типы волос,,,,,,0,False,,,,,,,,,poor,тип волос: все типы волос,Шампунь ежедневный уход для всех типов волос с маслом Глицинии с тимохиноном 100 мл | волосы | очищение | шампунь | все типы волос,https://socrimea.ru/catalog/volosy/shampun_ezhednevnyy_ukhod_dlya_vsekh_tipov_volos_s_maslom_glitsinii_s_timokhinonom_100_ml_markirovka/,https://socrimea.ru/local/templates/main/assets/images/nophoto.jpg,False,шампунь_шампунь_ежедневный_уход_для_всех_типов_волос_с_маслом_глицинии_с_тимохиноном_100_мл_100мл,1,,SOC_0008
hair_all.json,волосы,11,Шампунь ежедневный уход для всех типов волос с маслом Глицинии с тимохиноном 350 мл,волосы,очищение,шампунь,волосы | кожа головы,350.0,мл,чувствительная,все типы волос,чувствительность,антибактериальный эффект | очищение | смягчение | успокаивающий эффект,масло глицинии,,,0,False,,,,,индивидуальная непереносимость компонентов,,"Шампунь ежедневный уход для всех типов волос с маслом Глицинии 350 млБережно очищает и смягчает волосы и кожу головы, сохраняя ощущение свежести на весь день. Масло глицинии содержит много фитонцидов, обладающие бактерицидными и успокаивающими свойствами. Шампунь подходит дл всех типов волос и чувствительной кожи головы.","Шампунь ежедневный уход для всех типов волос с маслом Глицинии 350 млБережно очищает и смягчает волосы и кожу головы, сохраняя ощущение свежести на весь день. Масло глицинии содержит много фитонцидов, обладающие бактерицидными и успокаивающими свойствами. Шампунь подходит дл всех типов волос и чувствительной кожи головы.",partial,"проблемы: чувствительность; эффекты: антибактериальный эффект, очищение, смягчение, успокаивающий эффект; тип кожи: чувствительная; тип волос: все типы волос",Шампунь ежедневный уход для всех типов волос с маслом Глицинии с тимохиноном 350 мл | волосы | очищение | шампунь | кожа головы | чувствительная | все типы волос | чувствительность | антибактериальный эффект | смягчение | успокаивающий эффект | масло глицинии,https://socrimea.ru/catalog/volosy/ochishchenie/shampun_ezhednevnyy_ukhod_dlya_vsekh_tipov_volos_s_maslom_glitsinii_s_timokhinonom_350_ml_markirovka/,https://socrimea.ru/upload/iblock/490/yyyvm5wseyjpkt7p43ktqzvw2y6fs5ri.png,False,шампунь_шампунь_ежедневный_уход_для_всех_типов_волос_с_маслом_глицинии_с_тимохиноном_350_мл_350мл,1,,SOC_0009
hair_all.json,волосы,26,Шампунь против перхоти с маслом Шалфея с тимохиноном 100 мл,волосы,очищение,шампунь,волосы | кожа головы,100.0,мл,проблемная,,перхоть,,,,,0,False,,,,,,,,,poor,проблемы: перхоть,Шампунь против перхоти с маслом Шалфея с тимохиноном 100 мл | волосы | очищение | шампунь | кожа головы | проблемная | перхоть,https://socrimea.ru/catalog/volosy/shampun_protiv_perkhoti_s_maslom_shalfeya_s_timokhinonom_100_ml_markirovka/,https://socrimea.ru/local/templates/main/assets/images/nophoto.jpg,False,шампунь_шампунь_против_перхоти_с_маслом_шалфея_с_тимохиноном_100_мл_100мл,1,,SOC_0010
hair_all.json,волосы,9,Шампунь против перхоти с маслом Шалфея с тимохиноном 350 мл,волосы,очищение,шампунь,волосы | кожа головы,350.0,мл,проблемная,,перхоть | потеря упругости | сухость,блеск | восстановление | очищение | питание | увлажнение | укрепление | успокаивающий эффект,,,,0,False,,,,,индивидуальная непереносимость компонентов,,"Шампунь против перхоти с маслом Шалфея 350 млБережно очищает и увлажняет волосы, поддерживает оптимальный гидролипидный баланс, убирает сухость и успокаивает кожу головы. Целебные свойства шалфея обеспечивают устранение перхоти, а также укрепляют и восстанавливают волосы, придают им эластичность и блеск,обогащают витаминами.","Шампунь против перхоти с маслом Шалфея 350 млБережно очищает и увлажняет волосы, поддерживает оптимальный гидролипидный баланс, убирает сухость и успокаивает кожу головы. Целебные свойства шалфея обеспечивают устранение перхоти, а также укрепляют и восстанавливают волосы, придают им эластичность и блеск,обогащают витаминами.",partial,"проблемы: перхоть, потеря упругости, сухость; эффекты: блеск, восстановление, очищение, питание, увлажнение, укрепление, успокаивающий эффект; тип кожи: сухая; тип волос: сухие",Шампунь против перхоти с маслом Шалфея с тимохиноном 350 мл | волосы | очищение | шампунь | кожа головы | проблемная | перхоть | потеря упругости | сухость | блеск | восстановление | питание | увлажнение | укрепление | успокаивающий эффект,https://socrimea.ru/catalog/volosy/shampun_protiv_perkhoti_s_maslom_shalfeya_s_timokhinonom_350_ml_markirovka/,https://socrimea.ru/upload/iblock/63c/z5qblp3uiungxji69fmc4y765oj744wv.png,False,шампунь_шампунь_против_перхоти_с_маслом_шалфея_с_тимохиноном_350_мл_350мл,1,,SOC_0011
hair_all.json,волосы,38,Бальзам для волос Шалфей 250 мл,волосы,уход,бальзам,волосы,250.0,мл,,,,,,,,0,False,,,,,индивидуальная непереносимость компонентов,,Бальзам для волос Шалфей 250 мл,Бальзам для волос Шалфей 250 мл,partial,,Бальзам для волос Шалфей 250 мл | волосы | уход | бальзам,https://socrimea.ru/catalog/volosy/balzam_dlya_volos_shalfey_250_ml_markirovka_/,https://socrimea.ru/upload/iblock/4e9/64dd36qltdtguyo3rvqjuxz7ce9jckbn.png,False,бальзам_бальзам_для_волос_шалфей_250_мл_250мл,1,,SOC_0012
hair_all.json,волосы,20,Бальзам для глубокого восстановления поврежденных волос с маслом Розы с тимохинон 250мл,волосы,уход,бальзам,волосы,250.0,мл,,поврежденные,повреждение,восстановление,,,,0,False,,,,,индивидуальная непереносимость компонентов,,,test,poor,проблемы: повреждение; эффекты: восстановление; тип волос: поврежденные,Бальзам для глубокого восстановления поврежденных волос с маслом Розы с тимохинон 250мл | волосы | уход | бальзам | поврежденные | повреждение | восстановление,https://socrimea.ru/catalog/volosy/balzam_dlya_glubokogo_vosstanovleniya_povrezhdennykh_volos_s_maslom_rozy_s_timokhinon_250ml_markirov/,https://socrimea.ru/upload/iblock/05c/riplzpeoi13aqpvykovi6a9kiziatczr.png,False,бальзам_бальзам_для_глубокого_восстановления_поврежденных_волос_с_маслом_розы_с_тимохинон_250мл_250мл,1,,SOC_0013
hair_all.json,волосы,6,Бальзам для роста и укрепления волос с маслом Шалфея с тимохиноном 250 мл,волосы,уход,бальзам,волосы | кожа головы,250.0,мл,проблемная,,перхоть,блеск | восстановление | питание | увлажнение | укрепление,масло шалфея | эфирное масло шалфея,,,0,False,,,,,индивидуальная непереносимость компонентов,,"Бальзам для роста и укрепления волос с маслом Шалфея 250 млБлагодаря своим уникальным свойствам шалфей запускает процессы регенерации и роста волос. Эфирное масло шалфея обогащает волосы микроэлементами и витаминами, питает их, стимулируя рост и укрепление. Также шалфей предотвращает появление седых волос и перхоти. Бальзам хорошо увлажняет, питает,облегчает расчесывание и придает волосам сияющий блеск.","Бальзам для роста и укрепления волос с маслом Шалфея 250 млБлагодаря своим уникальным свойствам шалфей запускает процессы регенерации и роста волос. Эфирное масло шалфея обогащает волосы микроэлементами и витаминами, питает их, стимулируя рост и укрепление. Также шалфей предотвращает появление седых волос и перхоти. Бальзам хорошо увлажняет, питает,облегчает расчесывание и придает волосам сияющий блеск.",partial,"проблемы: перхоть; эффекты: блеск, восстановление, питание, увлажнение, укрепление",Бальзам для роста и укрепления волос с маслом Шалфея с тимохиноном 250 мл | волосы | уход | бальзам | кожа головы | проблемная | перхоть | блеск | восстановление | питание | увлажнение | укрепление | масло шалфея | эфирное масло шалфея,https://socrimea.ru/catalog/volosy/ukhod/balzam_dlya_rosta_i_ukrepleniya_volos_s_maslom_shalfeya_s_timokhinonom_250_ml_markirovka/,https://socrimea.ru/upload/iblock/99d/txfolw98ls7mbnq2a07ho530a35xj1ig.png,False,бальзам_бальзам_для_роста_и_укрепления_волос_с_маслом_шалфея_с_тимохиноном_250_мл_250мл,1,,SOC_0014
hair_all.json,волосы,22,Бальзам ежедневный уход для всех типов волос с маслом Глицинии с тимохиноном 250 мл,волосы,уход,бальзам,волосы,250.0,мл,,все типы волос,,,,,,0,False,,,,,индивидуальная непереносимость компонентов,,Бальзам ежедневный уход для всех типов волос с маслом Глицинии 250 мл,Бальзам ежедневный уход для всех типов волос с маслом Глицинии 250 мл,partial,тип волос: все типы волос,Бальзам ежедневный уход для всех типов волос с маслом Глицинии с тимохиноном 250 мл | волосы | уход | бальзам | все типы волос,https://socrimea.ru/catalog/volosy/ukhod/balzam_ezhednevnyy_ukhod_dlya_vsekh_tipov_volos_s_maslom_glitsinii_s_timokhinonom_250_ml_markirovka/,https://socrimea.ru/upload/iblock/c7d/15lxkf521cq4xm3tn3gz2o2xp1er2upy.jpg,False,бальзам_бальзам_ежедневный_уход_для_всех_типов_волос_с_маслом_глицинии_с_тимохиноном_250_мл_250мл,1,,SOC_0015
hair_all.json,волосы,10,Маска для глубокого восстановления поврежденных волос с маслом Розы с тимохиноном 250 г,волосы,уход,маска,волосы,250.0,г,,поврежденные,повреждение,восстановление,,,,0,False,,,,,,,,,poor,проблемы: повреждение; эффекты: восстановление; тип волос: поврежденные,Маска для глубокого восстановления поврежденных волос с маслом Розы с тимохиноном 250 г | волосы | уход | маска | поврежденные | повреждение | восстановление,https://socrimea.ru/catalog/volosy/ukhod/maska_dlya_glubokogo_vosstanovleniya_povrezhdennykh_volos_s_maslom_rozy_s_timokhinonom_250_g_markiro/,https://socrimea.ru/local/templates/main/assets/images/nophoto.jpg,False,маска_маска_для_глубокого_восстановления_поврежденных_волос_с_маслом_розы_с_тимохиноном_250_г_250г,1,,SOC_0016
hair_all.json,волосы,17,Маска для ежедневного ухода для всех типов волос с маслом Глицинии с тимохиноном 250 г,волосы,уход,маска,волосы,250.0,г,,все типы волос,,,,,,0,False,,,,,,,,,poor,тип волос: все типы волос,Маска для ежедневного ухода для всех типов волос с маслом Глицинии с тимохиноном 250 г | волосы | уход | маска | все типы волос,https://socrimea.ru/catalog/volosy/ukhod/maska_dlya_ezhednevnogo_ukhoda_dlya_vsekh_tipov_volos_s_maslom_glitsinii_s_timokhinonom_250_g_markir/,https://socrimea.ru/upload/iblock/d5c/tbos4q217qt9q31rfv911mi0be4lhug8.jpg,False,маска_маска_для_ежедневного_ухода_для_всех_типов_волос_с_маслом_глицинии_с_тимохиноном_250_г_250г,1,,SOC_0017
hair_all.json,волосы,16,Маска для жирных и лишенных объема волос с маслом Розмарина с тимохиноном 250 г,волосы,уход,маска,волосы,250.0,г,,жирные | лишенные объема,жирность,объем | себорегуляция,,,,0,False,,,,,,,,,poor,"проблемы: жирность; эффекты: объем, себорегуляция; тип кожи: жирная; тип волос: жирные, лишенные объема",Маска для жирных и лишенных объема волос с маслом Розмарина с тимохиноном 250 г | волосы | уход | маска | жирные | лишенные объема | жирность | объем | себорегуляция,https://socrimea.ru/catalog/volosy/maska_dlya_zhirnykh_i_lishennykh_obema_volos_s_maslom_rozmarina_s_timokhinonom_250_g_markirovka/,https://socrimea.ru/upload/iblock/117/c45ed7dz7dt1mbyz6xfua0e15wrfjq0v.jpg,False,маска_маска_для_жирных_и_лишенных_объема_волос_с_маслом_розмарина_с_тимохиноном_250_г_250г,1,,SOC_0018
hair_all.json,волосы,14,Маска для роста и укрепления волос с маслом Шалфея с тимохиноном 250 г,волосы,уход,маска,волосы,250.0,г,,,,укрепление,,,,0,False,,,,,,,,,poor,эффекты: укрепление,Маска для роста и укрепления волос с маслом Шалфея с тимохиноном 250 г | волосы | уход | маска | укрепление,https://socrimea.ru/catalog/volosy/ukhod/maska_dlya_rosta_i_ukrepleniya_volos_s_maslom_shalfeya_s_timokhinonom_250_g_markirovka/,https://socrimea.ru/upload/iblock/8a9/mcg9el36od8kyaul5vusjeopanvlf80a.jpg,False,маска_маска_для_роста_и_укрепления_волос_с_маслом_шалфея_с_тимохиноном_250_г_250г,1,,SOC_0019
hair_all.json,волосы,15,Маска для сухих и тонких волос с маслом Лаванды с тимохиноном 250 г,волосы,уход,маска,волосы,250.0,г,,сухие | тонкие | поврежденные,повреждение | потеря упругости | сухость,блеск | восстановление | питание | увлажнение,,,,0,False,,,,,индивидуальная непереносимость компонентов,,"Эта питательная, восстанавливающая и увлажняющая маска для волос с маслом лаванды, витаминами, протеинами пшеницы для глубокого восстановления поврежденных волос станет спасением для сухих, ломких и секущихся волос, потерявших упругость, эластичность. Подарит волосам гладкость, питание и сияние. Полезные масла, глубоко проникают в структуру волос, обеспечивая интенсивное увлажнение и восстановление.","Эта питательная, восстанавливающая и увлажняющая маска для волос с маслом лаванды, витаминами, протеинами пшеницы для глубокого восстановления поврежденных волос станет спасением для сухих, ломких и секущихся волос, потерявших упругость, эластичность. Подарит волосам гладкость, питание и сияние. Полезные масла, глубоко проникают в структуру волос, обеспечивая интенсивное увлажнение и восстановление.",partial,"проблемы: повреждение, потеря упругости, сухость; эффекты: блеск, восстановление, питание, увлажнение; тип кожи: сухая; тип волос: поврежденные, сухие, тонкие",Маска для сухих и тонких волос с маслом Лаванды с тимохиноном 250 г | волосы | уход | маска | сухие | тонкие | поврежденные | повреждение | потеря упругости | сухость | блеск | восстановление | питание | увлажнение,https://socrimea.ru/catalog/volosy/ukhod/maska_dlya_sukhikh_i_tonkikh_volos_s_maslom_lavandy_s_timokhinonom_250_g_markirovka/,https://socrimea.ru/upload/iblock/e43/3h9btq0ceazb9eyg3x5utph1ay8bxxxc.jpg,False,маска_маска_для_сухих_и_тонких_волос_с_маслом_лаванды_с_тимохиноном_250_г_250г,1,,SOC_0020
litso_socrimea_all.json,лицо,51,экстракт василька,лицо,другое,не определено,лицо,,,,,,,,,,0,False,,,,,,,,,poor,,экстракт василька | лицо | другое | не определено,https://socrimea.ru/catalog/litso/ekstrakt_vasilka_10_ml_markirovka/,https://socrimea.ru/upload/iblock/fd0/it2yyrmr1kkzcd9sld9mqdjw7uoytdk9.jpg,False,не определено_экстракт_василька_,2,https://socrimea.ru/catalog/litso/ekstrakt_vasilka_10_ml_aemsz/,SOC_0021
litso_socrimea_all.json,лицо,50,экстракт розы,лицо,другое,не определено,лицо,,,,,,,,,,0,False,,,,,,,,,poor,,экстракт розы | лицо | другое | не определено,https://socrimea.ru/catalog/litso/ekstrakt_rozy_10_ml_markirovka/,https://socrimea.ru/upload/iblock/8f2/lhtaefhivru2qs7mxz0cgtx9z8i6llgr.jpg,False,не определено_экстракт_розы_,2,https://socrimea.ru/catalog/litso/ekstrakt_rozy_10_ml_aemsz/,SOC_0022
litso_socrimea_all.json,лицо,75,Гель для умывания разглаживание морщин маслом шалфея и тимохиноном,лицо,очищение,гель для умывания,лицо,,,,,,,,,,0,False,,,,,,,,,poor,,Гель для умывания разглаживание морщин маслом шалфея и тимохиноном | лицо | очищение | гель для умывания,https://socrimea.ru/catalog/litso/gel_dlya_umyvaniya_razglazhivanie_morshchin_s_maslom_shalfeya_i_timokhinonom_250_ml_markirovka/,https://socrimea.ru/upload/iblock/6c3/yrr7jcis0dqirxe2p8h95kmkn0ds3gbq.jpg,False,гель для умывания_гель_для_умывания_razglazhivanie_морщин_маслом_шалфея_и_тимохиноном_,1,,SOC_0023
litso_socrimea_all.json,лицо,73,Гель для умывания увлажнение и тонус кожи маслом розы,лицо,очищение,гель для умывания,лицо,,,,,,,,,,0,False,,,,,,,,,poor,,Гель для умывания увлажнение и тонус кожи маслом розы | лицо | очищение | гель для умывания,https://socrimea.ru/catalog/litso/gel_dlya_umyvaniya_uvlazhnenie_i_tonus_kozhi_s_maslom_rozy_250_ml_markirovka/,https://socrimea.ru/upload/iblock/149/71hneq14x2hmyzvfht4udi1vas8o3kxq.jpg,False,гель для умывания_гель_для_умывания_увлажнение_и_тонус_кожи_маслом_розы_,1,,SOC_0024
litso_socrimea_all.json,лицо,33,Гель для умывания восстановление и питание маслом лаванды и тимохиноном,лицо,очищение,гель для умывания,лицо,,,,,,восстановление | питание,,,,0,False,,,,,,,,,poor,"эффекты: восстановление, питание",Гель для умывания восстановление и питание маслом лаванды и тимохиноном | лицо | очищение | гель для умывания | восстановление | питание,https://socrimea.ru/catalog/litso/gel_dlya_umyvaniya_vosstanovlenie_i_pitanie_s_maslom_lavandy_i_timokhinonom_250_ml_markirovka/,https://socrimea.ru/upload/iblock/9c6/0wd0hcte0nfa5wq13kt5l30xgw1cazjm.jpg,False,гель для умывания_гель_для_умывания_восстановление_и_питание_маслом_лаванды_и_тимохиноном_,1,,SOC_0025
litso_socrimea_all.json,лицо,34,Гель для умывания глубокое очищение и упругость кожи маслом розмарина,лицо,очищение,гель для умывания,лицо,,,,,потеря упругости,очищение,,,,0,False,,,,,,,,,poor,проблемы: потеря упругости; эффекты: очищение,Гель для умывания глубокое очищение и упругость кожи маслом розмарина | лицо | очищение | гель для умывания | потеря упругости,https://socrimea.ru/catalog/litso/gel_dlya_umyvaniya_glubokoe_ochishchenie_i_uprugost_kozhi_s_maslom_rozmarina_250_ml_markirovka/,https://socrimea.ru/upload/iblock/59d/fj40jm9ww6grizik9apl2u8jfckqhgq8.jpg,False,гель для умывания_гель_для_умывания_глубокое_очищение_и_упругость_кожи_маслом_розмарина_,1,,SOC_0026
litso_socrimea_all.json,лицо,32,Гель для умывания для чувствительной кожи маслом иссопа и тимохиноном,лицо,очищение,гель для умывания,лицо,,,чувствительная,,чувствительность,,,,,0,False,,,,,,,,,poor,проблемы: чувствительность; тип кожи: чувствительная,Гель для умывания для чувствительной кожи маслом иссопа и тимохиноном | лицо | очищение | гель для умывания | чувствительная | чувствительность,https://socrimea.ru/catalog/litso/gel_dlya_umyvaniya_dlya_chuvstvitelnoy_kozhi_s_maslom_issopa_i_timokhinonom_250_ml_markirovka/,https://socrimea.ru/upload/iblock/dc9/lyza11a99wt6c0lmnr0q4ou20zxioke8.jpg,False,гель для умывания_гель_для_умывания_для_чувствительной_кожи_маслом_иссопа_и_тимохиноном_,1,,SOC_0027
litso_socrimea_all.json,лицо,74,Гель для умывания ежедневный уход маслом глицинии и тимохиноном,лицо,очищение,гель для умывания,лицо,,,,,,,,,,0,False,,,,,,,,,poor,,Гель для умывания ежедневный уход маслом глицинии и тимохиноном | лицо | очищение | гель для умывания,https://socrimea.ru/catalog/litso/gel_dlya_umyvaniya_ezhednevnyy_ukhod_s_maslom_glitsinii_i_timokhinonom_250_ml_markirovka/,https://socrimea.ru/upload/iblock/8bd/9i8ky9j49o11c15z8pkv6fxsl41af26i.jpg,False,гель для умывания_гель_для_умывания_ежедневный_уход_маслом_глицинии_и_тимохиноном_,1,,SOC_0028
litso_socrimea_all.json,лицо,5,Гидрофильное масло для снятия макияжа лаванда тимохиноном,лицо,очищение,гидрофильное масло,лицо,,,,,макияж,очищение,,,,0,False,,,,,,,,,poor,проблемы: макияж; эффекты: очищение,Гидрофильное масло для снятия макияжа лаванда тимохиноном | лицо | очищение | гидрофильное масло | макияж,https://socrimea.ru/catalog/litso/gidrofilnoe_maslo_dlya_snyatiya_makiyazha_lavanda_c_timokhinonom_100_ml_markirovka/,https://socrimea.ru/local/templates/main/assets/images/nophoto.jpg,False,гидрофильное масло_гидрофильное_масло_для_снятия_макияжа_лаванда_тимохиноном_,1,,SOC_0029
litso_socrimea_all.json,лицо,52,Гидрофильное масло для снятия макияжа роза тимохиноном,лицо,очищение,гидрофильное масло,лицо,,,,,макияж,очищение,,,,0,False,,,,,,,,,poor,проблемы: макияж; эффекты: очищение,Гидрофильное масло для снятия макияжа роза тимохиноном | лицо | очищение | гидрофильное масло | макияж,https://socrimea.ru/catalog/litso/gidrofilnoe_maslo_dlya_snyatiya_makiyazha_roza_s_timokhinonom_100_ml_markirovka/,https://socrimea.ru/local/templates/main/assets/images/nophoto.jpg,False,гидрофильное масло_гидрофильное_масло_для_снятия_макияжа_роза_тимохиноном_,1,,SOC_0030
litso_socrimea_all.json,лицо,53,Гидрофильное масло для снятия макияжа розмарин тимохиноном,лицо,очищение,гидрофильное масло,лицо,,,,,макияж,очищение,,,,0,False,,,,,,,,,poor,проблемы: макияж; эффекты: очищение,Гидрофильное масло для снятия макияжа розмарин тимохиноном | лицо | очищение | гидрофильное масло | макияж,https://socrimea.ru/catalog/litso/gidrofilnoe_maslo_dlya_snyatiya_makiyazha_rozmarin_s_timokhinonom_100_ml_markirovka/,https://socrimea.ru/local/templates/main/assets/images/nophoto.jpg,False,гидрофильное масло_гидрофильное_масло_для_снятия_макияжа_розмарин_тимохиноном_,1,,SOC_0031
litso_socrimea_all.json,лицо,55,Мицеллярная вода лаванда,лицо,очищение,мицеллярная вода,губы,,,,,макияж,очищение | смягчение,гидролат лаванды | глицерин,"вода очищенная, гидролат лаванды, глицерин, полоксамер-184, пропиленгликоль, этилендиаминтетраацетат, метилхлоризотиазолинон",вода очищенная | гидролат лаванды | глицерин | полоксамер-184 | пропиленгликоль | этилендиаминтетраацетат | метилхлоризотиазолинон,7,True,метилхлоризотиазолинон,"нанести средство на ватный диск, затем легкими круговыми движениями очистите кожу лица и губ","эффективно и бережно удаляет макияж и загрязнения благодаря мицеллам – мягким очищающим частицам. Без лишнего трения мицеллярная вода очищает кожу лица, губ и деликатную область вокруг глаз","избегайте попадания смеси в глаза, в случае попадания в глаза немедленно промыть водой",индивидуальная непереносимость компонентов,"при температуре от +5 °C до +25 °C, избегая прямого попадан","Эффективно и бережно удаляет макияж и загрязнения благодаря мицеллам – мягким очищающим частицам. Без лишнего трения мицеллярная вода очищает кожу лица, губ и деликатную область вокруг глаз.","Эффективно и бережно удаляет макияж и загрязнения благодаря мицеллам – мягким очищающим частицам. Без лишнего трения мицеллярная вода очищает кожу лица, губ и деликатную область вокруг глаз.Состав: вода очищенная, гидролат лаванды, глицерин, полоксамер-184, пропиленгликоль, этилендиаминтетраацетат, метилхлоризотиазолинон,Свойства:эффективно и бережно удаляет макияж и загрязнения благодаря мицеллам – мягким очищающим частицам. Без лишнего трения мицеллярная вода очищает кожу лица, губ и деликатную область вокруг глаз.Применение:нанести средство на ватный диск, затем легкими круговыми движениями очистите кожу лица и губ. Для снятия макияжа с глаз приложите смоченный ватный диск к закрытым глазам на несколько секунд, затем аккуратно удалите остатки макияжа.Меры предосторожности: избегайте попадания смеси в глаза, в случае попадания в глаза немедленно промыть водой.Противопоказания: индивидуальная непереносимость компонентов.Условия хранения: при температуре от +5 °C до +25 °C, избегая прямого попадан",good,"проблемы: макияж; эффекты: очищение, смягчение",Мицеллярная вода лаванда | лицо | очищение | мицеллярная вода | губы | макияж | смягчение | гидролат лаванды | глицерин,https://socrimea.ru/catalog/litso/mitsellyarnaya_voda_lavanda_100_ml_markirovka/,https://socrimea.ru/upload/iblock/159/j5d1z5mao4lvu2lkhxvj76stclyznuvy.jpg,False,мицеллярная вода_мицеллярная_вода_лаванда_,1,,SOC_0032
litso_socrimea_all.json,лицо,54,Мицеллярная вода роза,лицо,очищение,мицеллярная вода,губы,,,,,макияж,очищение | смягчение,глицерин,"вода очищенная, глицерин, полоксамер-184, пропиленгликоль, этилендиаминтетраацетат, метилхлоризотиазолинон, эфирные масло герани и пальмарозы",вода очищенная | глицерин | полоксамер-184 | пропиленгликоль | этилендиаминтетраацетат | метилхлоризотиазолинон | эфирные масло герани и пальмарозы,7,True,метилхлоризотиазолинон,"нанести средство на ватный диск, затем легкими круговыми движениями очистите кожу лица и губ","эффективно и бережно удаляет макияж и загрязнения благодаря мицеллам – мягким очищающим частицам. Без лишнего трения мицеллярная вода очищает кожу лица, губ и деликатную область вокруг глаз","избегайте попадания смеси в глаза, в случае попадания в глаза немедленно промыть водой",индивидуальная непереносимость компонентов,"при температуре от +5 °C до +25 °C, избе","Эффективно и бережно удаляет макияж и загрязнения благодаря мицеллам – мягким очищающим частицам. Без лишнего трения мицеллярная вода очищает кожу лица, губ и деликатную область вокруг глаз.","Эффективно и бережно удаляет макияж и загрязнения благодаря мицеллам – мягким очищающим частицам. Без лишнего трения мицеллярная вода очищает кожу лица, губ и деликатную область вокруг глаз.Состав: вода очищенная, глицерин, полоксамер-184, пропиленгликоль, этилендиаминтетраацетат, метилхлоризотиазолинон, эфирные масло герани и пальмарозы.Свойства: эффективно и бережно удаляет макияж и загрязнения благодаря мицеллам – мягким очищающим частицам. Без лишнего трения мицеллярная вода очищает кожу лица, губ и деликатную область вокруг глаз.Применение: нанести средство на ватный диск, затем легкими круговыми движениями очистите кожу лица и губ. Для снятия макияжа с глаз приложите смоченный ватный диск к закрытым глазам на несколько секунд, затем аккуратно удалите остатки макияжа.Меры предосторожности: избегайте попадания смеси в глаза, в случае попадания в глаза немедленно промыть водой.Противопоказания: индивидуальная непереносимость компонентов.Условия хранения: при температуре от +5 °C до +25 °C, избе",good,"проблемы: макияж; эффекты: очищение, смягчение",Мицеллярная вода роза | лицо | очищение | мицеллярная вода | губы | макияж | смягчение | глицерин,https://socrimea.ru/catalog/litso/mitsellyarnaya_voda_roza_100_ml_markirovka/,https://socrimea.ru/upload/iblock/063/8pat9l1urudl9n9d8arrmly2aloj1393.jpg,False,мицеллярная вода_мицеллярная_вода_роза_,1,,SOC_0033
litso_socrimea_all.json,лицо,71,Пенка для умывания разглаживание морщин маслом шалфея и тимохиноном,лицо,очищение,пенка,лицо,170.0,мл,,,,,,,,0,False,,,,,,,,,poor,,Пенка для умывания разглаживание морщин маслом шалфея и тимохиноном | лицо | очищение | пенка,https://socrimea.ru/catalog/litso/penka_dlya_umyvaniya_razglazhivanie_morshchin_s_maslom_shalfeya_i_timokhinonom_170_ml/,https://socrimea.ru/upload/iblock/824/dgbss3ov5tkiue69crt47d4zfj5ig06v.jpg,False,пенка для умывания_пенка_для_умывания_razglazhivanie_морщин_маслом_шалфея_и_тимохиноном_170мл,1,,SOC_0034
litso_socrimea_all.json,лицо,72,Пенка для умывания увлажнение и тонус кожи маслом розы,лицо,очищение,пенка,лицо,170.0,мл,,,,,,,,0,False,,,,,,,,,poor,,Пенка для умывания увлажнение и тонус кожи маслом розы | лицо | очищение | пенка,https://socrimea.ru/catalog/litso/penka_dlya_umyvaniya_uvlazhnenie_i_tonus_kozhi_s_maslom_rozy_170_ml/,https://socrimea.ru/upload/iblock/b29/blnyyjgx75849itb77vra71d61nqukeo.jpg,False,пенка для умывания_пенка_для_умывания_увлажнение_и_тонус_кожи_маслом_розы_170мл,1,,SOC_0035
litso_socrimea_all.json,лицо,30,Пенка для умывания восстановление и питание маслом лаванды и тимохиноном,лицо,очищение,пенка,лицо,170.0,мл,,,,восстановление | питание,,,,0,False,,,,,,,,,poor,"эффекты: восстановление, питание",Пенка для умывания восстановление и питание маслом лаванды и тимохиноном | лицо | очищение | пенка | восстановление | питание,https://socrimea.ru/catalog/litso/penka_dlya_umyvaniya_vosstanovlenie_i_pitanie_s_maslom_lavandy_i_timokhinonom_170_ml/,https://socrimea.ru/upload/iblock/518/xs570t3frfz8bbjr7dmiyhyj8o5cny9h.jpg,False,пенка для умывания_пенка_для_умывания_восстановление_и_питание_маслом_лаванды_и_тимохиноном_170мл,1,,SOC_0036
litso_socrimea_all.json,лицо,31,Пенка для умывания глубокое очищение и упругость кожи маслом розмарина,лицо,очищение,пенка,лицо,170.0,мл,,,потеря упругости,очищение,,,,0,False,,,,,,,,,poor,проблемы: потеря упругости; эффекты: очищение,Пенка для умывания глубокое очищение и упругость кожи маслом розмарина | лицо | очищение | пенка | потеря упругости,https://socrimea.ru/catalog/litso/penka_dlya_umyvaniya_glubokoe_ochishchenie_i_uprugost_kozhi_s_maslom_rozmarina_170_ml/,https://socrimea.ru/upload/iblock/58c/861caz2mwe4vgh43xgyuqhjgxzq0i6wv.jpg,False,пенка для умывания_пенка_для_умывания_глубокое_очищение_и_упругость_кожи_маслом_розмарина_170мл,1,,SOC_0037
litso_socrimea_all.json,лицо,29,Пенка для умывания для чувствительной кожи маслом иссопа и тимохиноном,лицо,очищение,пенка,лицо,170.0,мл,чувствительная,,чувствительность,,,,,0,False,,,,,,,,,poor,проблемы: чувствительность; тип кожи: чувствительная,Пенка для умывания для чувствительной кожи маслом иссопа и тимохиноном | лицо | очищение | пенка | чувствительная | чувствительность,https://socrimea.ru/catalog/litso/penka_dlya_umyvaniya_dlya_chuvstvitelnoy_kozhi_s_maslom_issopa_i_timokhinonom_170_ml/,https://socrimea.ru/upload/iblock/620/d4f73j7gtfq1bd3m1djifnx0uwrxkfdz.jpg,False,пенка для умывания_пенка_для_умывания_для_чувствительной_кожи_маслом_иссопа_и_тимохиноном_170мл,1,,SOC_0038
litso_socrimea_all.json,лицо,70,Пенка для умывания ежедневный уход маслом глицинии и тимохиноном,лицо,очищение,пенка,лицо,170.0,мл,,,,,,,,0,False,,,,,,,,,poor,,Пенка для умывания ежедневный уход маслом глицинии и тимохиноном | лицо | очищение | пенка,https://socrimea.ru/catalog/litso/penka_dlya_umyvaniya_ezhednevnyy_ukhod_s_maslom_glitsinii_i_timokhinonom_170_ml/,https://socrimea.ru/upload/iblock/a13/5499isw1vt5vnqsx0le7a2tec3og98c0.jpg,False,пенка для умывания_пенка_для_умывания_ежедневный_уход_маслом_глицинии_и_тимохиноном_170мл,1,,SOC_0039
litso_socrimea_all.json,лицо,24,Бальзам для губ иссоп,лицо,уход,бальзам для губ,губы,5.0,г,,,повреждение | сухость,восстановление | питание | смягчение,витамин е | масло виноградной косточки | масло жожоба | масло иссопа | масло какао | масло миндальное | экстракт календулы | экстракт ромашки,"масло миндальное, воск пчелиный, масло виноградной косточки, масло жожоба, масло какао, экстракт ромашки, экстракт календулы, витамин Е, эфирное масло иссопа, ионол",масло миндальное | воск пчелиный | масло виноградной косточки | масло жожоба | масло какао | экстракт ромашки | экстракт календулы | витамин Е | эфирное масло иссопа | ионол,10,True,ионол | эфирное масло иссопа,наносить бальзам тонким слоем на кожу губ,,"не является пищевым продуктом, беречь от животных и детей","индивидуальная непереносимость компонентов.Меры предосторожности: не является пищевым продуктом, беречь от животных и детей","плотно закрытым при температуре от +5°С до +25°С, избегать попадания прямых солнечных лучей","Бальзам для губ, обогащенный натуральными растительными маслами, превосходно питает, смягчает и восстанавливает сухую и поврежденную кожу губ, придавая ей свежий натуральный оттенок.","Бальзам для губ, обогащенный натуральными растительными маслами, превосходно питает, смягчает и восстанавливает сухую и поврежденную кожу губ, придавая ей свежий натуральный оттенок.Состав: масло миндальное, воск пчелиный, масло виноградной косточки, масло жожоба, масло какао, экстракт ромашки, экстракт календулы, витамин Е, эфирное масло иссопа, ионол.Способ применения: наносить бальзам тонким слоем на кожу губ.Противопоказания: индивидуальная непереносимость компонентов.Меры предосторожности: не является пищевым продуктом, беречь от животных и детей.Условия хранения: плотно закрытым при температуре от +5°С до +25°С, избегать попадания прямых солнечных лучей.Срок хранения: 24 мес.ТУ 20.42.15.190-013-00759251-2020Масса: 5 г",good,"проблемы: повреждение, сухость; эффекты: восстановление, питание, смягчение; тип кожи: сухая; тип волос: поврежденные, сухие",Бальзам для губ иссоп | лицо | уход | бальзам для губ | губы | повреждение | сухость | восстановление | питание | смягчение | витамин е | масло виноградной косточки | масло жожоба | масло иссопа | масло какао | масло миндальное | экстракт календулы | экстракт ромашки,https://socrimea.ru/catalog/litso/balzam_dlya_gub_issop_5_g_markirovka/,https://socrimea.ru/upload/iblock/d0f/q7lqcxu8j7ipyj2tqmutdgytpbygzozf.jpg,False,бальзам для губ_бальзам_для_губ_иссоп_5г,1,,SOC_0040
litso_socrimea_all.json,лицо,62,Бальзам для губ заживляющий,лицо,уход,бальзам для губ,губы,5.0,г,,,повреждение | сухость,восстановление | питание | смягчение,витамин е | масло авокадо | экстракт календулы | экстракт ромашки,"масло рапсовое, воск пчелиный, масло авокадо, экстракт ромашки, экстракт календулы, витамин Е, масло литсеи кубебы, ионол",масло рапсовое | воск пчелиный | масло авокадо | экстракт ромашки | экстракт календулы | витамин Е | масло литсеи кубебы | ионол,8,True,ионол,наносить бальзам тонким слоем на кожу губ,,"не является пищевым продуктом, беречь от животных и детей","индивидуальная непереносимость компонентов.Меры предосторожности: не является пищевым продуктом, беречь от животных и детей","плотно закрытым при температуре от +5°С до +25°С, избегать попадания прямых солнечных лучей","Бальзам для губ на основе натуральных растительных масел превосходно смягчает и восстанавливает сухую и поврежденную кожу губ, придавая им свежий натуральный оттенок.","Бальзам для губ на основе натуральных растительных масел превосходно смягчает и восстанавливает сухую и поврежденную кожу губ, придавая им свежий натуральный оттенок.Состав: масло рапсовое, воск пчелиный, масло авокадо, экстракт ромашки, экстракт календулы, витамин Е, масло литсеи кубебы, ионол.Способ применения: наносить бальзам тонким слоем на кожу губ.Противопоказания: индивидуальная непереносимость компонентов.Меры предосторожности: не является пищевым продуктом, беречь от животных и детей.Условия хранения: плотно закрытым при температуре от +5°С до +25°С, избегать попадания прямых солнечных лучей.ТУ 20.42.15.190-013-00759251-2020Срок хранения: 24 мес.Масса: 5 г",good,"проблемы: повреждение, сухость; эффекты: восстановление, питание, смягчение; тип кожи: сухая; тип волос: поврежденные, сухие",Бальзам для губ заживляющий | лицо | уход | бальзам для губ | губы | повреждение | сухость | восстановление | питание | смягчение | витамин е | масло авокадо | экстракт календулы | экстракт ромашки,https://socrimea.ru/catalog/litso/balzam_dlya_gub_zazhivlyayushchiy_5_g_markirovka/,https://socrimea.ru/upload/iblock/0bb/vib1j345w79y2h6rxpg6ev7qvltfkfn8.jpg,False,бальзам для губ_бальзам_для_губ_заживляющий_5г,1,,SOC_0041
litso_socrimea_all.json,лицо,23,Бальзам для губ лаванда,лицо,уход,бальзам для губ,губы,5.0,г,,,повреждение | сухость,восстановление | питание | смягчение,витамин е | масло жожоба | масло лаванды | масло миндальное | масло ши | экстракт лаванды | эфирное масло лаванды,"масло миндальное, масло жожоба, масло ши, воск пчелиный, масло виноградное, экстракт лаванды, витамин Е, эфирное масло лаванды, ионол",масло миндальное | масло жожоба | масло ши | воск пчелиный | масло виноградное | экстракт лаванды | витамин Е | эфирное масло лаванды | ионол,9,True,ионол | эфирное масло лаванды,наносить бальзам тонким слоем на кожу губ,,"не является пищевым продуктом, беречь от животных и детей","индивидуальная непереносимость компонентов.Меры предосторожности: не является пищевым продуктом, беречь от животных и детей","плотно закрытым при температуре от +5°С до +25°С, избегать попадания прямых солнечных лучей","Бальзам для губ, обогащенный натуральными растительными маслами, превосходно питает, смягчает и восстанавливает сухую и поврежденную кожу губ, придвая ей свежий натуральный оттенок.","Бальзам для губ, обогащенный натуральными растительными маслами, превосходно питает, смягчает и восстанавливает сухую и поврежденную кожу губ, придвая ей свежий натуральный оттенок.Состав: масло миндальное, масло жожоба, масло ши, воск пчелиный, масло виноградное, экстракт лаванды, витамин Е, эфирное масло лаванды, ионол.Способ применения: наносить бальзам тонким слоем на кожу губ.Противопоказания: индивидуальная непереносимость компонентов.Меры предосторожности: не является пищевым продуктом, беречь от животных и детей.Условия хранения: плотно закрытым при температуре от +5°С до +25°С, избегать попадания прямых солнечных лучей.Срок хранения: 24 мес.ТУ 20.42.15.190-013-00759251-2020Масса: 5 г",good,"проблемы: повреждение, сухость; эффекты: восстановление, питание, смягчение; тип кожи: сухая; тип волос: поврежденные, сухие",Бальзам для губ лаванда | лицо | уход | бальзам для губ | губы | повреждение | сухость | восстановление | питание | смягчение | витамин е | масло жожоба | масло лаванды | масло миндальное | масло ши | экстракт лаванды | эфирное масло лаванды,https://socrimea.ru/catalog/litso/balzam_dlya_gub_lavanda_5_g_markirovka/,https://socrimea.ru/upload/iblock/661/n7r9ftd475i7ecpwubz20x7trzhetfv3.jpg,False,бальзам для губ_бальзам_для_губ_лаванда_5г,1,,SOC_0042
litso_socrimea_all.json,лицо,22,Бальзам для губ мандарин,лицо,уход,бальзам для губ,губы,5.0,г,,,повреждение | сухость,восстановление | питание | смягчение,витамин е | масло виноградной косточки | масло жожоба | масло миндальное | масло ши | экстракт лаванды | экстракт розмарина,"масло миндальное, воск пчелиный, масло Ши, масло виноградной косточки, масло жожоба, экстракт розмарина, экстракт лаванды, витамин Е, эфирное масло мандарина, парфюмерная композиция, ионол",масло миндальное | воск пчелиный | масло Ши | масло виноградной косточки | масло жожоба | экстракт розмарина | экстракт лаванды | витамин Е | эфирное масло мандарина | парфюмерная композиция | ионол,11,True,ионол | парфюмерная композиция,наносить бальзам тонким слоем на кожу губ,,"не является пищевым продуктом, беречь от животных и детей","индивидуальная непереносимость компонентов.Меры предосторожности: не является пищевым продуктом, беречь от животных и детей","плотно закрытым при температуре от +5°С до +25°С, избегать попадания прямых солнечных лучей","Бальзам для губ на основе натуральных растительных масел превосходно смягчает и восстанавливает сухую и поврежденную кожу губ, придавая им свежий натуральный оттенок.","Бальзам для губ на основе натуральных растительных масел превосходно смягчает и восстанавливает сухую и поврежденную кожу губ, придавая им свежий натуральный оттенок.Состав: масло миндальное, воск пчелиный, масло Ши, масло виноградной косточки, масло жожоба, экстракт розмарина, экстракт лаванды, витамин Е, эфирное масло мандарина, парфюмерная композиция, ионол.Способ применения: наносить бальзам тонким слоем на кожу губ.Противопоказания: индивидуальная непереносимость компонентов.Меры предосторожности: не является пищевым продуктом, беречь от животных и детей.Условия хранения: плотно закрытым при температуре от +5°С до +25°С, избегать попадания прямых солнечных лучей.Срок хранения: 24 мес.ТУ 20.42.15.190-013-00759251-2020Масса: 5 г",good,"проблемы: повреждение, сухость; эффекты: восстановление, питание, смягчение; тип кожи: сухая; тип волос: поврежденные, сухие",Бальзам для губ мандарин | лицо | уход | бальзам для губ | губы | повреждение | сухость | восстановление | питание | смягчение | витамин е | масло виноградной косточки | масло жожоба | масло миндальное | масло ши | экстракт лаванды | экстракт розмарина,https://socrimea.ru/catalog/litso/balzam_dlya_gub_mandarin_5_g_markirovka/,https://socrimea.ru/upload/iblock/f99/1d42cbqf1kghbv0yscfuswrefl0lnjat.jpg,False,бальзам для губ_бальзам_для_губ_мандарин_5г,1,,SOC_0043
litso_socrimea_all.json,лицо,28,Бальзам для губ медовый,лицо,уход,бальзам для губ,губы,5.0,г,,,повреждение | сухость,восстановление | питание | смягчение,витамин е | масло жожоба | масло ши | экстракт лаванды | экстракт розмарина,"миндальное, воск пчелиный, масло ши, масло виноградное, масло жожоба, экстракт розмарина, экстракт лаванды, витамин Е, ионол",миндальное | воск пчелиный | масло ши | масло виноградное | масло жожоба | экстракт розмарина | экстракт лаванды | витамин Е | ионол,9,True,ионол,наносить бальзам тонким слоем на кожу губ,,"не является пищевым продуктом, беречь от животных и детей","индивидуальная непереносимость компонентов.Меры предосторожности: не является пищевым продуктом, беречь от животных и детей","плотно закрытым при температуре от +5°С до +25°С, избегать попадания прямых солнечных лучей","Бальзам для губ, обогащенный натуральными растительными маслами, превосходно питает, смягчает и восстанавливает сухую и поврежденную кожу губ, придает свежий натуральный оттенок.","Бальзам для губ, обогащенный натуральными растительными маслами, превосходно питает, смягчает и восстанавливает сухую и поврежденную кожу губ, придает свежий натуральный оттенок.Состав: миндальное, воск пчелиный, масло ши, масло виноградное, масло жожоба, экстракт розмарина, экстракт лаванды, витамин Е, ионол.Способ применения: наносить бальзам тонким слоем на кожу губ.Противопоказания: индивидуальная непереносимость компонентов.Меры предосторожности: не является пищевым продуктом, беречь от животных и детей.Условия хранения: плотно закрытым при температуре от +5°С до +25°С, избегать попадания прямых солнечных лучей.Срок хранения: 24 мес.ТУ 20.42.15.190-013-00759251-2020Масса: 5 г",good,"проблемы: повреждение, сухость; эффекты: восстановление, питание, смягчение; тип кожи: сухая; тип волос: поврежденные, сухие",Бальзам для губ медовый | лицо | уход | бальзам для губ | губы | повреждение | сухость | восстановление | питание | смягчение | витамин е | масло жожоба | масло ши | экстракт лаванды | экстракт розмарина,https://socrimea.ru/catalog/litso/balzam_dlya_gub_medovyy_5_g_markirovka/,https://socrimea.ru/upload/iblock/ef0/gg59bc2loqvwl2jog0432ymofqk3zwjp.jpg,False,бальзам для губ_бальзам_для_губ_медовый_5г,1,,SOC_0044
litso_socrimea_all.json,лицо,61,Бальзам для губ питательный,лицо,уход,бальзам для губ,губы,5.0,г,,,,блеск | питание,масло жожоба | масло миндальное | масло ши | экстракт ромашки,"масло миндальное, масло жожоба, масло ши, масло касторовое, масло мандарина, экстракт ромашки и календулы, воск пчелиный, ионол",масло миндальное | масло жожоба | масло ши | масло касторовое | масло мандарина | экстракт ромашки и календулы | воск пчелиный | ионол,8,True,ионол,наносить бальзам тонким слоем на кожу губ,,"не является пищевым продуктом, беречь от животных и детей","индивидуальная непереносимость компонентов.Меры предосторожности: не является пищевым продуктом, беречь от животных и детей","плотно закрытым при температуре от +5°С до +25°С, избегать попадания прямых солнечных лучей","Бальзам для губ, обогащенный натуральными растительными маслам и, превосходно питает, предохраняет губы от пересыхания, сохраняет молодость и сияние кожи губ.","Бальзам для губ, обогащенный натуральными растительными маслам и, превосходно питает, предохраняет губы от пересыхания, сохраняет молодость и сияние кожи губ.Состав: масло миндальное, масло жожоба, масло ши, масло касторовое, масло мандарина, экстракт ромашки и календулы, воск пчелиный, ионол.Способ применения: наносить бальзам тонким слоем на кожу губ.Противопоказания: индивидуальная непереносимость компонентов.Меры предосторожности: не является пищевым продуктом, беречь от животных и детей.Условия хранения: плотно закрытым при температуре от +5°С до +25°С, избегать попадания прямых солнечных лучей.Срок хранения: 24 мес.ТУ 20.42.15.190-013-00759251-2020Масса: 5 г",good,"эффекты: блеск, питание",Бальзам для губ питательный | лицо | уход | бальзам для губ | губы | блеск | питание | масло жожоба | масло миндальное | масло ши | экстракт ромашки,https://socrimea.ru/catalog/litso/balzam_dlya_gub_pitatelnyy_5_g_markirovka/,https://socrimea.ru/upload/iblock/837/dqg8vs0v4bbpu94kpmr1vkfnz058xhtp.jpg,False,бальзам для губ_бальзам_для_губ_питательный_5г,1,,SOC_0045
litso_socrimea_all.json,лицо,63,Бальзам для губ роза,лицо,уход,бальзам для губ,губы,5.0,г,,,повреждение | сухость,восстановление | питание | смягчение,витамин е | масло жожоба | масло миндальное | масло ши | экстракт розы,"масло миндальное, воск пчелиный, масло ши, масло виноградное, масло жожоба, экстракт розы, витамин Е, парфюмерная композиция, ионол",масло миндальное | воск пчелиный | масло ши | масло виноградное | масло жожоба | экстракт розы | витамин Е | парфюмерная композиция | ионол,9,True,ионол | парфюмерная композиция,наносить бальзам тонким слоем на кожу губ,,"не является пищевым продуктом, беречь от животных и детей","индивидуальная непереносимость компонентов.Меры предосторожности: не является пищевым продуктом, беречь от животных и детей","плотно закрытым при температуре от +5°С до +25°С, избегать попадания прямых солнечных лучей","Бальзам для губ, обогащенный натуральными растительными маслами, превосходно питает, смягчает и восстанавливает сухую и поврежденную кожу губ, придавая ей свежий натуральный оттенок.","Бальзам для губ, обогащенный натуральными растительными маслами, превосходно питает, смягчает и восстанавливает сухую и поврежденную кожу губ, придавая ей свежий натуральный оттенок.Состав: масло миндальное, воск пчелиный, масло ши, масло виноградное, масло жожоба, экстракт розы, витамин Е, парфюмерная композиция, ионол.Способ применения: наносить бальзам тонким слоем на кожу губ.Противопоказания: индивидуальная непереносимость компонентов.Меры предосторожности: не является пищевым продуктом, беречь от животных и детей.Условия хранения: плотно закрытым при температуре от +5°С до +25°С, избегать попадания прямых солнечных лучей.Срок хранения: 24 мес.ТУ 20.42.15.190-013-00759251-2020Масса: 5 г",good,"проблемы: повреждение, сухость; эффекты: восстановление, питание, смягчение; тип кожи: сухая; тип волос: поврежденные, сухие",Бальзам для губ роза | лицо | уход | бальзам для губ | губы | повреждение | сухость | восстановление | питание | смягчение | витамин е | масло жожоба | масло миндальное | масло ши | экстракт розы,https://socrimea.ru/catalog/litso/balzam_dlya_gub_roza_5_g_markirovka/,https://socrimea.ru/upload/iblock/b85/aox9s7kbkkul7gufoh8cpgtljtjh2a1l.jpg,False,бальзам для губ_бальзам_для_губ_роза_5г,1,,SOC_0046
litso_socrimea_all.json,лицо,27,Бальзам для губ розмарин,лицо,уход,бальзам для губ,губы,5.0,г,,,повреждение | сухость,восстановление | питание | смягчение,витамин е | масло виноградной косточки | масло жожоба | масло миндальное | масло розмарина | масло ши | экстракт лаванды | экстракт розмарина | эфирное масло розмарина,"масло миндальное, воск пчелиный, масло ши, масло виноградной косточки, масло жожоба, экстракт розмарина, экстракт лаванды, витамин Е, эфирное масло розмарина, ионол",масло миндальное | воск пчелиный | масло ши | масло виноградной косточки | масло жожоба | экстракт розмарина | экстракт лаванды | витамин Е | эфирное масло розмарина | ионол,10,True,ионол | эфирное масло розмарина,наносить бальзам тонким слоем на кожу губ,,"не является пищевым продуктом, беречь от животных и детей","индивидуальная непереносимость компонентов.Меры предосторожности: не является пищевым продуктом, беречь от животных и детей","плотно закрытым при температуре от +5°С до +25°С, избегать попадания прямых солнечных лучей","Бальзам для губ, обогащенный натуральными растительными маслами, превосходно питает, смягчает и восстанавливает сухую и поврежденную кожу губ, придавая ей свежий натуральный оттенок.","Бальзам для губ, обогащенный натуральными растительными маслами, превосходно питает, смягчает и восстанавливает сухую и поврежденную кожу губ, придавая ей свежий натуральный оттенок.Состав: масло миндальное, воск пчелиный, масло ши, масло виноградной косточки, масло жожоба, экстракт розмарина, экстракт лаванды, витамин Е, эфирное масло розмарина, ионол.Способ применения: наносить бальзам тонким слоем на кожу губ.Противопоказания: индивидуальная непереносимость компонентов.Меры предосторожности: не является пищевым продуктом, беречь от животных и детей.Условия хранения: плотно закрытым при температуре от +5°С до +25°С, избегать попадания прямых солнечных лучей.Срок хранения: 24 мес.ТУ 20.42.15-013-00759251-2020Масса: 5 г",good,"проблемы: повреждение, сухость; эффекты: восстановление, питание, смягчение; тип кожи: сухая; тип волос: поврежденные, сухие",Бальзам для губ розмарин | лицо | уход | бальзам для губ | губы | повреждение | сухость | восстановление | питание | смягчение | витамин е | масло виноградной косточки | масло жожоба | масло миндальное | масло розмарина | масло ши | экстракт лаванды | экстракт розмарина | эфирное масло розмарина,https://socrimea.ru/catalog/litso/balzam_dlya_gub_rozmarin_5_g_markirovka/,https://socrimea.ru/upload/iblock/114/b709wzj14ezheogqwz8rc7wuh161qndz.jpg,False,бальзам для губ_бальзам_для_губ_розмарин_5г,1,,SOC_0047
litso_socrimea_all.json,лицо,25,Бальзам для губ шалфей,лицо,уход,бальзам для губ,губы,5.0,г,,,повреждение | сухость,восстановление | питание | смягчение,витамин е | масло виноградной косточки | масло жожоба | масло миндальное | масло ши,"масло миндальное, воск пчелиный, масло ши, масло виноградной косточки, масло жожоба, экстракт крапивы, витамин Е, эфирное масло шалфей, ионол",масло миндальное | воск пчелиный | масло ши | масло виноградной косточки | масло жожоба | экстракт крапивы | витамин Е | эфирное масло шалфей | ионол,9,True,ионол,наносить бальзам тонким слоем на кожу губ,,"не является пищевым продуктом, беречь от животных и детей","индивидуальная непереносимость компонентов.Меры предосторожности: не является пищевым продуктом, беречь от животных и детей","плотно закрытым при температуре от +5°С до +25°С, избегать попадания прямых солнечных лучей","Бальзам для губ, обогащенный натуральными растительными маслами, превосходно питает, смягчает и восстанавливает сухую и поврежденную кожу губ, придавая ей свежий натуральный оттенок.","Бальзам для губ, обогащенный натуральными растительными маслами, превосходно питает, смягчает и восстанавливает сухую и поврежденную кожу губ, придавая ей свежий натуральный оттенок.Состав: масло миндальное, воск пчелиный, масло ши, масло виноградной косточки, масло жожоба, экстракт крапивы, витамин Е, эфирное масло шалфей, ионол.Способ применения: наносить бальзам тонким слоем на кожу губ.Противопоказания: индивидуальная непереносимость компонентов.Меры предосторожности: не является пищевым продуктом, беречь от животных и детей.Условия хранения: плотно закрытым при температуре от +5°С до +25°С, избегать попадания прямых солнечных лучей.Срок хранения: 24 мес.ТУ 20.42.15-013-00759251-2020Масса: 5 г",good,"проблемы: повреждение, сухость; эффекты: восстановление, питание, смягчение; тип кожи: сухая; тип волос: поврежденные, сухие",Бальзам для губ шалфей | лицо | уход | бальзам для губ | губы | повреждение | сухость | восстановление | питание | смягчение | витамин е | масло виноградной косточки | масло жожоба | масло миндальное | масло ши,https://socrimea.ru/catalog/litso/balzam_dlya_gub_shalfey_5_g_markirovka/,https://socrimea.ru/upload/iblock/5c4/n9bdumdi31z1pi471k3k8s5s3ddh6sh3.jpg,False,бальзам для губ_бальзам_для_губ_шалфей_5г,1,,SOC_0048
litso_socrimea_all.json,лицо,26,Бальзам для губ шоколад,лицо,уход,бальзам для губ,губы,5.0,г,,,повреждение | сухость,восстановление | питание | смягчение,витамин е | масло жожоба | масло какао | масло миндальное | экстракт ромашки,"масло миндальное, масло виноградное, воск пчелиный, масло жожоба, масло какао, экстракт ромашки и календулы, витамин Е, парфюмерная композиция, ионол",масло миндальное | масло виноградное | воск пчелиный | масло жожоба | масло какао | экстракт ромашки и календулы | витамин Е | парфюмерная композиция | ионол,9,True,ионол | парфюмерная композиция,наносить бальзам тонким слоем на кожу губ,,"не является пищевым продуктом, беречь от животных и детей","индивидуальная непереносимость компонентов.Меры предосторожности: не является пищевым продуктом, беречь от животных и детей","плотно закрытым при температуре от +5°С до +25°С, избегать попадания прямых солнечных лучей","Бальзам для губ, обогащенный натуральными растительными маслами, превосходно питает, смягчает и восстанавливает сухую и поврежденную кожу губ, придвая ей свежий натуральный оттенок.","Бальзам для губ, обогащенный натуральными растительными маслами, превосходно питает, смягчает и восстанавливает сухую и поврежденную кожу губ, придвая ей свежий натуральный оттенок.Состав: масло миндальное, масло виноградное, воск пчелиный, масло жожоба, масло какао, экстракт ромашки и календулы, витамин Е, парфюмерная композиция, ионол.Способ применения: наносить бальзам тонким слоем на кожу губ.Противопоказания: индивидуальная непереносимость компонентов.Меры предосторожности: не является пищевым продуктом, беречь от животных и детей.Условия хранения: плотно закрытым при температуре от +5°С до +25°С, избегать попадания прямых солнечных лучей.Срок хранения: 24 мес.ТУ 20.42.15-013-00759251-2020Масса: 5 г",good,"проблемы: повреждение, сухость; эффекты: восстановление, питание, смягчение; тип кожи: сухая; тип волос: поврежденные, сухие",Бальзам для губ шоколад | лицо | уход | бальзам для губ | губы | повреждение | сухость | восстановление | питание | смягчение | витамин е | масло жожоба | масло какао | масло миндальное | экстракт ромашки,https://socrimea.ru/catalog/litso/balzam_dlya_gub_shokolad_5_g_markirovka/,https://socrimea.ru/upload/iblock/6c7/xr375y59omshkhg4ayujimwm91c6nqd3.jpg,False,бальзам для губ_бальзам_для_губ_шоколад_5г,1,,SOC_0049
hair_all.json,волосы,21,Бальзам для жирных и лишенных объема волос с маслом Розмарина c тимохиноном 250 мл,волосы,уход,бальзам,волосы | кожа головы,250.0,мл,жирная,жирные | лишенные объема,жирность | рост волос,блеск | объем | рост волос | себорегуляция | смягчение | увлажнение | укрепление,,,,0,False,,,,,индивидуальная непереносимость компонентов,,"Бальзам для жирных и лишенных объема волос с маслом Розмарина 250 млОбеспечивает прекрасный внешний вид волосам, склонным к жирности. Благодаря своим уникальным свойствам, бальзам на основе гидролата розмарина регулирует работу сальных желез, укрепляет волосяные луковицы, стиимулирует рост волос. Бальзам хорошо увлажняет, смягчает, облегчает расчесывание и придает волосам обьем и сияющий блеск","Бальзам для жирных и лишенных объема волос с маслом Розмарина 250 млОбеспечивает прекрасный внешний вид волосам, склонным к жирности. Благодаря своим уникальным свойствам, бальзам на основе гидролата розмарина регулирует работу сальных желез, укрепляет волосяные луковицы, стиимулирует рост волос. Бальзам хорошо увлажняет, смягчает, облегчает расчесывание и придает волосам обьем и сияющий блеск",partial,"проблемы: жирность, рост волос; эффекты: блеск, объем, рост волос, себорегуляция, смягчение, увлажнение, укрепление; тип кожи: жирная; тип волос: жирные, лишенные объема",Бальзам для жирных и лишенных объема волос с маслом Розмарина c тимохиноном 250 мл | волосы | уход | бальзам | кожа головы | жирная | жирные | лишенные объема | жирность | рост волос | блеск | объем | себорегуляция | смягчение | увлажнение | укрепление,https://socrimea.ru/catalog/volosy/ukhod/balzam_dlya_zhirnykh_i_lishennykh_obema_volos_s_maslom_rozmarina_c_timokhinonom_250_ml_markirovka/,https://socrimea.ru/upload/iblock/d90/3bl198m1inlc7q87h6qnl51cbq0fii50.png,False,гидролат_бальзам_для_жирных_и_лишенных_объема_волос_с_маслом_розмарина_с_тимохиноном_250_мл_250мл,1,,SOC_0050
hair_all.json,волосы,19,Бальзам для сухих и тонких волос с маслом Лаванды с тимохиноном 250 мл,волосы,уход,бальзам,волосы | кожа головы,250.0,мл,чувствительная,сухие | тонкие,повреждение | рост волос | сухость | чувствительность,блеск | восстановление | питание | расслабление | рост волос | успокаивающий эффект,,,,0,False,,,,,индивидуальная непереносимость компонентов,,"Бальзам для сухих и тонких волос с маслом Лаванды 250 млУвложняет, питает и восстанавливает сухие и тонкие волосы, превращая их в гладкие и шелковистые пряди. Бальзам на основе гидролата лаванды успокаивает чувствительную кожу головы, стимулирует рост волос, питает и предотвращает ломкость, облегчает расчесывание. Волосы приобретают ухоженный вид и сияющий блеск. Аромат лаванды приятно расслабляет.","Бальзам для сухих и тонких волос с маслом Лаванды 250 млУвложняет, питает и восстанавливает сухие и тонкие волосы, превращая их в гладкие и шелковистые пряди. Бальзам на основе гидролата лаванды успокаивает чувствительную кожу головы, стимулирует рост волос, питает и предотвращает ломкость, облегчает расчесывание. Волосы приобретают ухоженный вид и сияющий блеск. Аромат лаванды приятно расслабляет.",partial,"проблемы: повреждение, рост волос, сухость, чувствительность; эффекты: блеск, восстановление, питание, расслабление, рост волос, успокаивающий эффект; тип кожи: сухая, чувствительная; тип волос: поврежденные, сухие, тонкие",Бальзам для сухих и тонких волос с маслом Лаванды с тимохиноном 250 мл | волосы | уход | бальзам | кожа головы | чувствительная | сухие | тонкие | повреждение | рост волос | сухость | чувствительность | блеск | восстановление | питание | расслабление | успокаивающий эффект,https://socrimea.ru/catalog/volosy/ukhod/balzam_dlya_sukhikh_i_tonkikh_volos_s_maslom_lavandy_s_timokhinonom_250_ml_markirovka/,https://socrimea.ru/upload/iblock/d75/gdh7osaocbm5u17xgq0b62mitgj79u7e.png,False,гидролат_бальзам_для_сухих_и_тонких_волос_с_маслом_лаванды_с_тимохиноном_250_мл_250мл,1,,SOC_0051
hair_all.json,волосы,23,Бальзам для чувствительной кожи головы с маслом Иссопа с тимохиноном 250 мл,волосы,уход,бальзам,волосы | кожа головы,250.0,мл,чувствительная,поврежденные,воспаления | повреждение | чувствительность,блеск | восстановление | питание | укрепление | успокаивающий эффект,,,,0,False,,,,,индивидуальная непереносимость компонентов,,"Бальзам для чувствительной кожи головы с маслом Иссопа 250 млВосстанавливает поврежденные волосы и оказывает успокаивающее действие на кожу головы, склонную к раздражениям. Уникальная формула на основе гидролата и масла иссопа, обогащенная полезными витаминами, способствует укреплению волос. Бальзам облегчает расчесывание, придает волосам свежий и ухоженный вид, дарит им блеск.","Бальзам для чувствительной кожи головы с маслом Иссопа 250 млВосстанавливает поврежденные волосы и оказывает успокаивающее действие на кожу головы, склонную к раздражениям. Уникальная формула на основе гидролата и масла иссопа, обогащенная полезными витаминами, способствует укреплению волос. Бальзам облегчает расчесывание, придает волосам свежий и ухоженный вид, дарит им блеск.",partial,"проблемы: воспаления, повреждение, чувствительность; эффекты: блеск, восстановление, питание, укрепление, успокаивающий эффект; тип кожи: чувствительная; тип волос: поврежденные",Бальзам для чувствительной кожи головы с маслом Иссопа с тимохиноном 250 мл | волосы | уход | бальзам | кожа головы | чувствительная | поврежденные | воспаления | повреждение | чувствительность | блеск | восстановление | питание | укрепление | успокаивающий эффект,https://socrimea.ru/catalog/volosy/ukhod/balzam_dlya_chuvstvitelnoy_kozhi_golovy_s_maslom_issopa_s_timokhinonom_250_ml_markirovka/,https://socrimea.ru/upload/iblock/d54/4znuxd92nt8847vgwlmttultgwkkfref.png,False,гидролат_бальзам_для_чувствительной_кожи_головы_с_маслом_иссопа_с_тимохиноном_250_мл_250мл,1,,SOC_0052
litso_socrimea_all.json,лицо,21,Гидролат василек,лицо,уход,гидролат,лицо | область вокруг глаз,,,чувствительная | зрелая,,возрастные изменения | отечность | чувствительность,антивозрастной уход | тонизирование | увлажнение,,"гидролат цветков василька, геогард 221",гидролат цветков василька | геогард 221,2,True,,"распылить на кожу, дать высохнуть, не смывать; компресс на область вокруг глаз","оказывает тонизирующее увлажняющее действие, устраняет отечность, разглаживает мелкие морщины на коже",Не является пищевым продуктом,индивидуальная непереносимость компонентов. Меры предосторожности: Не является пищевым продуктом,"хранить в прохладном месте, избегать попадания прямых солнечных лучей. При замораживании не теряет своих свойств. Допустимо незначительное образование хлопьевидного осадка","Свойства: оказывает тонизирующее увлажняющее действие, устраняет отечность, разглаживает мелкие морщины на коже. Подходит для ухода за чувствительной кожей и кожей вокруг глаз.","Состав: гидролат цветков василька, геогард 221. Гидролаты АЭМСЗ производятся с использованием природной воды из источника Хачи - I горного массива Чатыр-Даг. Свойства: оказывает тонизирующее увлажняющее действие, устраняет отечность, разглаживает мелкие морщины на коже. Подходит для ухода за чувствительной кожей и кожей вокруг глаз. Применение: распылить на кожу, дать высохнуть, не смывать; компресс на область вокруг глаз. Противопоказания: индивидуальная непереносимость компонентов. Меры предосторожности: Не является пищевым продуктом. Условия хранения: хранить в прохладном месте, избегать попадания прямых солнечных лучей. При замораживании не теряет своих свойств. Допустимо незначительное образование хлопьевидного осадка. ТУ 20.42.15-015-00759251-2021. Срок годности: 24 месяца.",good,"проблемы: возрастные изменения, отечность, чувствительность; эффекты: антивозрастной уход, тонизирование, увлажнение; тип кожи: зрелая, чувствительная",Гидролат василек | лицо | уход | гидролат | область вокруг глаз | чувствительная | зрелая | возрастные изменения | отечность | чувствительность | антивозрастной уход | тонизирование | увлажнение,https://socrimea.ru/catalog/litso/gidrolat_vasilek_100_ml_markirovka/,https://socrimea.ru/upload/iblock/feb/k207bggewv0o3pjfuh4ocm10a2w1uwlt.jpg,False,гидролат_гидролат_василек_,1,,SOC_0053
litso_socrimea_all.json,лицо,18,Гидролат кипарис,лицо,уход,гидролат,лицо,,,проблемная,,возрастные изменения | воспаления | перхоть,антивозрастной уход | восстановление | противовоспалительный эффект | укрепление,,"гидролат цветков кипариса, геогард 221",гидролат цветков кипариса | геогард 221,2,True,,"распылить на чистую кожу лица, дать высохнуть, не смывать; компрессы на проблемные участки кожи","омолаживает и разглаживает кожу, повышает защитные свойства; устраняет отеки и воспаления; укрепляет волосы, борется с перхотью",Не является пищевым продуктом,индивидуальная непереносимость компонентов. Меры предосторожности: Не является пищевым продуктом,"хранить в прохладном месте, избегать попадания прямых солнечных лучей. При замораживании не теряет своих свойств. Допустимо незначительное образование хлопьевидного осадка","Свойства: омолаживает и разглаживает кожу, повышает защитные свойства; устраняет отеки и воспаления; укрепляет волосы, борется с перхотью. Оказывает заживляющее и омолаживающее действие на кожу.","Состав: гидролат цветков кипариса, геогард 221. Гидролаты АЭМСЗ производятся с использованием природной воды из источника Хачи - I горного массива Чатыр-Даг. Свойства: омолаживает и разглаживает кожу, повышает защитные свойства; устраняет отеки и воспаления; укрепляет волосы, борется с перхотью. Оказывает заживляющее и омолаживающее действие на кожу. Применение: распылить на чистую кожу лица, дать высохнуть, не смывать; компрессы на проблемные участки кожи. Противопоказания: индивидуальная непереносимость компонентов. Меры предосторожности: Не является пищевым продуктом. Условия хранения: хранить в прохладном месте, избегать попадания прямых солнечных лучей. При замораживании не теряет своих свойств. Допустимо незначительное образование хлопьевидного осадка. ТУ 20.42.15-015-00759251-2021. Срок годности: 24 месяца.",good,"проблемы: возрастные изменения, воспаления, перхоть; эффекты: антивозрастной уход, восстановление, противовоспалительный эффект, укрепление",Гидролат кипарис | лицо | уход | гидролат | проблемная | возрастные изменения | воспаления | перхоть | антивозрастной уход | восстановление | противовоспалительный эффект | укрепление,https://socrimea.ru/catalog/litso/gidrolat_kiparis_100_ml_markirovka/,https://socrimea.ru/upload/iblock/0c4/i74m7bh5kzho9yizprlehnizwz7fskc2.jpg,False,гидролат_гидролат_кипарис_,1,,SOC_0054
litso_socrimea_all.json,лицо,17,Гидролат лаванда,лицо,уход,гидролат,лицо | волосы,,,проблемная | зрелая,,возрастные изменения | воспаления | потеря упругости | шелушение,антивозрастной уход | блеск | противовоспалительный эффект | увлажнение | успокаивающий эффект,гидролат лаванды,"гидролат лаванды, геогард 221",гидролат лаванды | геогард 221,2,True,,"распылить на кожу, дать высохнуть, не смывать; компрессы на проблемные участки кожи; для волос - распылить на сухие или мокрые волосы от корней и по всей длине, не смывать; для обогащения добавлять в шампуни и маски","хорошо увлажняет кожу, снимает раздражение, воспаление и шелушение. Делает кожуупругой, предупреждает образование морщин, быстро снимает боль и жжение при ожогах. Придает эффект увлажнения и блеск волосам",Не является пищевым продуктом,индивидуальная непереносимость компонентов. Меры предосторожности: Не является пищевым продуктом,"хранить в прохладном месте, избегать попадания прямых солнечных лучей. При замораживании не теряет своих свойств. Допустимо незначительное образование хлопьевидного осадка","Свойства: хорошо увлажняет кожу, снимает раздражение, воспаление и шелушение. Делает кожуупругой, предупреждает образование морщин, быстро снимает боль и жжение при ожогах. Придает эффект увлажнения и блеск волосам.","Состав: гидролат лаванды, геогард 221. Гидролаты АЭМСЗ производятся с использованием природной воды из источника Хачи - I горного массива Чатыр-Даг. Свойства: хорошо увлажняет кожу, снимает раздражение, воспаление и шелушение. Делает кожуупругой, предупреждает образование морщин, быстро снимает боль и жжение при ожогах. Придает эффект увлажнения и блеск волосам. Применение: распылить на кожу, дать высохнуть, не смывать; компрессы на проблемные участки кожи; для волос - распылить на сухие или мокрые волосы от корней и по всей длине, не смывать; для обогащения добавлять в шампуни и маски. Противопоказания: индивидуальная непереносимость компонентов. Меры предосторожности: Не является пищевым продуктом. Условия хранения: хранить в прохладном месте, избегать попадания прямых солнечных лучей. При замораживании не теряет своих свойств. Допустимо незначительное образование хлопьевидного осадка. ТУ 20.42.15-015-00759251-2021. Срок годности: 24 месяца.",good,"проблемы: возрастные изменения, воспаления, потеря упругости, шелушение; эффекты: антивозрастной уход, блеск, противовоспалительный эффект, увлажнение, успокаивающий эффект; тип кожи: зрелая, чувствительная",Гидролат лаванда | лицо | уход | гидролат | волосы | проблемная | зрелая | возрастные изменения | воспаления | потеря упругости | шелушение | антивозрастной уход | блеск | противовоспалительный эффект | увлажнение | успокаивающий эффект | гидролат лаванды,https://socrimea.ru/catalog/litso/gidrolat_lavanda_100_ml_markirovka/,https://socrimea.ru/upload/iblock/3b3/o1raoqxcgielloscxzicdfpraw9rzpjj.jpg,False,гидролат_гидролат_лаванда_,2,https://socrimea.ru/catalog/litso/gidrolat_lavanda_100_ml_arsoleum_markirovka/,SOC_0055
litso_socrimea_all.json,лицо,15,Гидролат липа,лицо,уход,гидролат,лицо,,,,,,,,"гидролат липы, геогард 221",гидролат липы | геогард 221,2,True,,"распылить на кожу, дать высохнуть, не смывать; компрессы на проблемные участки",,Не является пищевым продуктом,индивидуальная непереносимость компонентов. Меры предосторожности: Не является пищевым продуктом,"хранить в прохладном месте, избегать попадания прямых солнечных лучей. При замораживании не теряет своих свойств. Допустимо незначительное образование хлопьевидного осадка",,"Состав: гидролат липы, геогард 221. Гидролаты АЭМСЗ производятся с использованием природной воды из источника Хачи - I горного массива Чатыр-Даг. войства: очищает и успокаивает раздраженную кожу, снимает зуд покраснение и шелушение; хорошо подходит для ухода за сухой и чувствительной кожей; замедляет процессы старения; отличный увлажняющий. Применение: распылить на кожу, дать высохнуть, не смывать; компрессы на проблемные участки. Противопоказания: индивидуальная непереносимость компонентов. Меры предосторожности: Не является пищевым продуктом. Условия хранения: хранить в прохладном месте, избегать попадания прямых солнечных лучей. При замораживании не теряет своих свойств. Допустимо незначительное образование хлопьевидного осадка. ТУ 20.42.15-015-00759251-2021. Срок годности: 24 месяца.",partial,,Гидролат липа | лицо | уход | гидролат,https://socrimea.ru/catalog/litso/gidrolat_lipa_100_ml_markirovka/,https://socrimea.ru/upload/iblock/3b9/pr29ru9ut919062k268ut1bbqogvjxxv.jpg,False,гидролат_гидролат_липа_,2,https://socrimea.ru/catalog/litso/gidrolat_lipa_30_ml_markirovka/,SOC_0056
litso_socrimea_all.json,лицо,4,Гидролат роза экстра,лицо,уход,гидролат,лицо | тело,,,,,возрастные изменения | потеря упругости | рост волос | солнце/уф,антивозрастной уход | блеск | восстановление | защита от солнца | рост волос | смягчение | увлажнение | успокаивающий эффект,гидролат розы,,,0,False,,,,,индивидуальная непереносимость компонентов,,"Гидролат Розы Экстра Все гидролаты АЭМСЗ производятся на основе натуральной воды из источника Хачи-I горного хребта Чатыр-Даг, методом пароводяной дистилляции и сохраняют все полезные свойства растения.Гидролат Розы Экстра — многофункциональное средство для лица, волос и тела• увлажняет и смягчает кожу лица, повышает эластичность, омолаживает• розовая вода стимулирует рост волос, восстанавливает и придает им блеск• ухаживает за телом до и после загара, уменьшает воздействие УФ-излучения, успокаивает кожу. 100% натуральный состав, не содержит спирта, SLS, SLES, парабенов, химических отдушек, выращиваем и производим сами с 1922 года","Гидролат Розы Экстра Все гидролаты АЭМСЗ производятся на основе натуральной воды из источника Хачи-I горного хребта Чатыр-Даг, методом пароводяной дистилляции и сохраняют все полезные свойства растения.Гидролат Розы Экстра — многофункциональное средство для лица, волос и тела• увлажняет и смягчает кожу лица, повышает эластичность, омолаживает• розовая вода стимулирует рост волос, восстанавливает и придает им блеск• ухаживает за телом до и после загара, уменьшает воздействие УФ-излучения, успокаивает кожу. 100% натуральный состав, не содержит спирта, SLS, SLES, парабенов, химических отдушек, выращиваем и производим сами с 1922 года",partial,"проблемы: возрастные изменения, потеря упругости, рост волос, солнце/уф; эффекты: антивозрастной уход, блеск, восстановление, защита от солнца, рост волос, смягчение, увлажнение, успокаивающий эффект",Гидролат роза экстра | лицо | уход | гидролат | тело | возрастные изменения | потеря упругости | рост волос | солнце/уф | антивозрастной уход | блеск | восстановление | защита от солнца | смягчение | увлажнение | успокаивающий эффект | гидролат розы,https://socrimea.ru/catalog/litso/gidrolat_roza_ekstra_200_ml_markirovka/,https://socrimea.ru/upload/iblock/06e/bnjl9g3jfjlimlsfrfrurx63wemnysa6.jpg,False,гидролат_гидролат_роза_экстра_,1,,SOC_0057
litso_socrimea_all.json,лицо,16,Гидролат розмарин,тело,уход,гидролат,тело,,,комбинированная | проблемная,,акне | жирность | перхоть | тусклый цвет лица,дезодорирующий эффект | себорегуляция | укрепление | успокаивающий эффект,гидролат розмарина,"гидролат розмарина, геогард 221",гидролат розмарина | геогард 221,2,True,,"распылить на кожу, дать высохнуть, не смывать; для волос -распылить от корней и по всей длине, не смывать; для обогащения добавлять в маски и шампуни","эффективное средство для укрепления, роста волос, помогает при лечении перхота; подходит для ухода за жирной и комбинированной кожей, выравнивает цвет лица, помогает при лечении угревой сыпи, успокаивает кожу после бритья, оказывает дезодорирующее действие",Не является пищевым продуктом,индивидуальная непереносимость компонентов. Меры предосторожности: Не является пищевым продуктом,"хранить в прохладном месте, избегать попадания прямых солнечных лучей. При замораживании не теряет своих свойств. Допустимо незначительное образование хлопьевидного осадка","Свойства: эффективное средство для укрепления, роста волос, помогает при лечении перхота; подходит для ухода за жирной и комбинированной кожей, выравнивает цвет лица, помогает при лечении угревой сыпи, успокаивает кожу после бритья, оказывает дезодорирующее действие.","Состав: гидролат розмарина, геогард 221. Гидролаты АЭМСЗ производятся с использованием природной воды из источника Хачи - I горного массива Чатыр-Даг. Свойства: эффективное средство для укрепления, роста волос, помогает при лечении перхота; подходит для ухода за жирной и комбинированной кожей, выравнивает цвет лица, помогает при лечении угревой сыпи, успокаивает кожу после бритья, оказывает дезодорирующее действие. Применение: распылить на кожу, дать высохнуть, не смывать; для волос -распылить от корней и по всей длине, не смывать; для обогащения добавлять в маски и шампуни. Противопоказания: индивидуальная непереносимость компонентов. Меры предосторожности: Не является пищевым продуктом. Условия хранения: хранить в прохладном месте, избегать попадания прямых солнечных лучей. При замораживании не теряет своих свойств. Допустимо незначительное образование хлопьевидного осадка. ТУ 20.42.15-015-00759251-2021. Срок годности: 24 месяца.",good,"проблемы: акне, жирность, перхоть, тусклый цвет лица; эффекты: дезодорирующий эффект, себорегуляция, укрепление, успокаивающий эффект; тип кожи: жирная, комбинированная; тип волос: жирные",Гидролат розмарин | тело | уход | гидролат | комбинированная | проблемная | акне | жирность | перхоть | тусклый цвет лица | дезодорирующий эффект | себорегуляция | укрепление | успокаивающий эффект | гидролат розмарина,https://socrimea.ru/catalog/litso/gidrolat_rozmarin_100_ml_markirovka/,https://socrimea.ru/upload/iblock/d5b/6y7ciz1rdwgr6dwudgqner1ur2wyzd16.jpg,False,гидролат_гидролат_розмарин_,1,,SOC_0058
litso_socrimea_all.json,лицо,38,Гидролат ромашка,лицо,уход,гидролат,лицо,,,чувствительная | раздраженная,,воспаления | повреждение | сухость | чувствительность,противовоспалительный эффект | успокаивающий эффект,,"гидролат ромашки аптечной, геогард 221",гидролат ромашки аптечной | геогард 221,2,True,,"распылить на кожу, дать высохнуть, не смывать; для волос -распылить от корней и по всей длине волос, не смывать, для обогащения добавлять в маски и шампуни","обладает противовоспалительным действием, снимает раздражение и покраснение кожи, склонной к аллергическим реакциям",Не является пищевым продуктом,индивидуальная непереносимость компонентов. Меры предосторожности: Не является пищевым продуктом,"хранить в прохладном месте, избегать попадания прямых солнечных лучей. При замораживании не теряет своих свойств. Допустимо незначительное образование хлопьевидного осадка","Свойства: обладает противовоспалительным действием, снимает раздражение и покраснение кожи, склонной к аллергическим реакциям. Подходит для ухода за чувствительной кожей. Наполняет жизненной силой сухие и поврежденные волосы, успокаивает раздраженную кожу головы.","Состав: гидролат ромашки аптечной, геогард 221. Гидролаты АЭМСЗ производятся с использованием природной воды из источника Хачи - I горного массива Чатыр-Даг. Свойства: обладает противовоспалительным действием, снимает раздражение и покраснение кожи, склонной к аллергическим реакциям. Подходит для ухода за чувствительной кожей. Наполняет жизненной силой сухие и поврежденные волосы, успокаивает раздраженную кожу головы. Применение: распылить на кожу, дать высохнуть, не смывать; для волос -распылить от корней и по всей длине волос, не смывать, для обогащения добавлять в маски и шампуни. Противопоказания: индивидуальная непереносимость компонентов. Меры предосторожности: Не является пищевым продуктом. Условия хранения: хранить в прохладном месте, избегать попадания прямых солнечных лучей. При замораживании не теряет своих свойств. Допустимо незначительное образование хлопьевидного осадка. ТУ 20.42.15-015-00759251-2021. Срок годности: 24 месяца.",good,"проблемы: воспаления, повреждение, сухость, чувствительность; эффекты: противовоспалительный эффект, успокаивающий эффект; тип кожи: сухая, чувствительная; тип волос: поврежденные, сухие",Гидролат ромашка | лицо | уход | гидролат | чувствительная | раздраженная | воспаления | повреждение | сухость | чувствительность | противовоспалительный эффект | успокаивающий эффект,https://socrimea.ru/catalog/litso/gidrolat_romashka_100_ml_markirovka/,https://socrimea.ru/local/templates/main/assets/images/nophoto.jpg,False,гидролат_гидролат_ромашка_,1,,SOC_0059
litso_socrimea_all.json,лицо,14,Гидролат сосна,лицо,уход,гидролат,лицо,,,проблемная,,возрастные изменения | воспаления | перхоть,антивозрастной уход | восстановление | противовоспалительный эффект | укрепление,,"гидролат сосны крымской, геогард 221",гидролат сосны крымской | геогард 221,2,True,,"распылить на чистую кожу лица, дать высохнуть, не смывать; компрессы на проблемные участки кожи","омолаживает и разглаживает кожу, повышает защитные свойства; устраняет отеки и воспаления; укрепляет волосы, борется с перхотью",Не является пищевым продуктом,индивидуальная непереносимость компонентов. Меры предосторожности: Не является пищевым продуктом,"хранить в прохладном месте, избегать попадания прямых солнечных лучей. При замораживании не теряет своих свойств. Допустимо незначительное образование хлопьевидного осадка","Свойства: омолаживает и разглаживает кожу, повышает защитные свойства; устраняет отеки и воспаления; укрепляет волосы, борется с перхотью. Оказывает заживляющее и омолаживающее действие на кожу.","Состав: гидролат сосны крымской, геогард 221. Гидролаты АЭМСЗ производятся с использованием природной воды из источника Хачи - I горного массива Чатыр-Даг. Свойства: омолаживает и разглаживает кожу, повышает защитные свойства; устраняет отеки и воспаления; укрепляет волосы, борется с перхотью. Оказывает заживляющее и омолаживающее действие на кожу. Применение: распылить на чистую кожу лица, дать высохнуть, не смывать; компрессы на проблемные участки кожи. Противопоказания: индивидуальная непереносимость компонентов. Меры предосторожности: Не является пищевым продуктом. Условия хранения: хранить в прохладном месте, избегать попадания прямых солнечных лучей. При замораживании не теряет своих свойств. Допустимо незначительное образование хлопьевидного осадка. ТУ 20.42.15-015-00759251-2021. Срок годности: 24 месяца.",good,"проблемы: возрастные изменения, воспаления, перхоть; эффекты: антивозрастной уход, восстановление, противовоспалительный эффект, укрепление",Гидролат сосна | лицо | уход | гидролат | проблемная | возрастные изменения | воспаления | перхоть | антивозрастной уход | восстановление | противовоспалительный эффект | укрепление,https://socrimea.ru/catalog/litso/gidrolat_sosna_100_ml_markirovka/,https://socrimea.ru/upload/iblock/0b5/tl7w9htk5lrz9k9blsscf3dt3ucr9u0c.jpg,False,гидролат_гидролат_сосна_,1,,SOC_0060
litso_socrimea_all.json,лицо,1,Гидролат шалфей,тело,уход,гидролат,тело,,,комбинированная | нормальная | зрелая,,возрастные изменения | жирность,антивозрастной уход | антиоксидантная защита | блеск | себорегуляция,гидролат шалфея,"гидролат шалфея, геогард 221",гидролат шалфея | геогард 221,2,True,,"распылить на кожу, дать высохнуть, не смывать; компрессы на проблемные участки кожи, для волос - распылить от корней и по всей длине волос, дать высохнуть, не смывать","обладает антиоксидантным действием, устраняет и предотвращает появление морщин. Применяется для ухода за жирной, нормальной и комбинированной кожей, регулирует потоотделение; ополаскивания с гидролатом шалфея придают блеск темным волосам",Не является пищевым продуктом,индивидуальная непереносимость компонентов. Меры предосторожности: Не является пищевым продуктом,"хранить в прохладном месте, избегать попадания прямых солнечных лучей. При замораживании не теряет своих свойств. Допустимо незначительное образование хлопьевидного осадка","Свойства: обладает антиоксидантным действием, устраняет и предотвращает появление морщин. Применяется для ухода за жирной, нормальной и комбинированной кожей, регулирует потоотделение; ополаскивания с гидролатом шалфея придают блеск темным волосам.","Состав: гидролат шалфея, геогард 221. Гидролаты АЭМСЗ производятся с использованием природной воды из источника Хачи - I горного массива Чатыр-Даг. Свойства: обладает антиоксидантным действием, устраняет и предотвращает появление морщин. Применяется для ухода за жирной, нормальной и комбинированной кожей, регулирует потоотделение; ополаскивания с гидролатом шалфея придают блеск темным волосам. Применение: распылить на кожу, дать высохнуть, не смывать; компрессы на проблемные участки кожи, для волос - распылить от корней и по всей длине волос, дать высохнуть, не смывать. Противопоказания: индивидуальная непереносимость компонентов. Меры предосторожности: Не является пищевым продуктом. Условия хранения: хранить в прохладном месте, избегать попадания прямых солнечных лучей. При замораживании не теряет своих свойств. Допустимо незначительное образование хлопьевидного осадка. ТУ 20.42.15-015-00759251-2021. Срок годности: 24 месяца.",good,"проблемы: возрастные изменения, жирность; эффекты: антивозрастной уход, антиоксидантная защита, блеск, себорегуляция; тип кожи: жирная, зрелая, комбинированная, нормальная; тип волос: жирные",Гидролат шалфей | тело | уход | гидролат | комбинированная | нормальная | зрелая | возрастные изменения | жирность | антивозрастной уход | антиоксидантная защита | блеск | себорегуляция | гидролат шалфея,https://socrimea.ru/catalog/litso/gidrolat_shalfey_100_ml_markirovka/,https://socrimea.ru/upload/iblock/110/6m6puz39xe8ne7pcvltqfkk36viw6l8k.jpg,False,гидролат_гидролат_шалфей_,1,,SOC_0061
litso_socrimea_all.json,лицо,19,Гидролаты АЭМСЗ производятся с использованием природной воды из источника Хачи-I горного массива Чатыр-Даг,тело,уход,гидролат,тело,,,комбинированная,,жирность | перхоть,себорегуляция | увлажнение,гидролат иссопа,"Гидролат иссопа, геогард-221",Гидролат иссопа | геогард-221,2,True,,,"оказывает тони зирующее увлажняющее действие, выравнивает цвет кожи; нормализует секрецию сальных и потовых желез. Рекомендуется для ухода за жирной и комбинированной кожей. Способствует росту волос, предотвращает появление перхоти",,индивидуальная непереносимость компонентов,,"Гидролаты АЭМСЗ производятся с использованием природной воды из источника Хачи-I горного массива Чатыр-Даг. Свойства: оказывает тони зирующее увлажняющее действие, выравнивает цвет кожи; нормализует секрецию сальных и потовых желез. Рекомендуется для ухода за жирной и комбинированной кожей. Способствует росту волос, предотвращает появление перхоти.","Гидролаты АЭМСЗ производятся с использованием природной воды из источника Хачи-I горного массива Чатыр-Даг. Свойства: оказывает тони зирующее увлажняющее действие, выравнивает цвет кожи; нормализует секрецию сальных и потовых желез. Рекомендуется для ухода за жирной и комбинированной кожей. Способствует росту волос, предотвращает появление перхоти.Состав: Гидролат иссопа, геогард-221.",good,"проблемы: жирность, перхоть; эффекты: себорегуляция, увлажнение; тип кожи: жирная, комбинированная; тип волос: жирные",Гидролаты АЭМСЗ производятся с использованием природной воды из источника Хачи-I горного массива Чатыр-Даг | тело | уход | гидролат | комбинированная | жирность | перхоть | себорегуляция | увлажнение | гидролат иссопа,https://socrimea.ru/catalog/litso/gidrolat_issop_100_ml_markirovka/,https://socrimea.ru/upload/iblock/22b/0hk1w4roinckva6q2riw7bcyqu79rz20.jpg,False,гидролат_гидролаты_аэмсз_производятся_с_использованием_природной_воды_из_источника_хачи_i_горного_массива_чатыр_даг_,1,,SOC_0062
hair_all.json,волосы,39,Шампунь для жирных и лишенных объема волос с маслом Розмарина с тимохиноном 350 мл,волосы,уход,шампунь,волосы | кожа головы,350.0,мл,жирная,жирные | лишенные объема,жирность,блеск | объем | очищение | себорегуляция | смягчение | увлажнение,,,,0,False,,,,,индивидуальная непереносимость компонентов,,"Шампунь для жирных и лишенных объема волос с маслом Розмарина 350 млБережно очищает волосы и кожу головы, не нарушая липидный баланс, снижает активность сальных желез, сохраняя ощущения свежести надолго. Шампунь на основе гидролата и масла розмарина хорошо увлажняет, смягчает, не спутывает волосы при мытье, облегчает расчесывание и придает им плотность, обьем и сияющий блеск.","Шампунь для жирных и лишенных объема волос с маслом Розмарина 350 млБережно очищает волосы и кожу головы, не нарушая липидный баланс, снижает активность сальных желез, сохраняя ощущения свежести надолго. Шампунь на основе гидролата и масла розмарина хорошо увлажняет, смягчает, не спутывает волосы при мытье, облегчает расчесывание и придает им плотность, обьем и сияющий блеск.",partial,"проблемы: жирность; эффекты: блеск, объем, очищение, себорегуляция, смягчение, увлажнение; тип кожи: жирная; тип волос: жирные, лишенные объема",Шампунь для жирных и лишенных объема волос с маслом Розмарина с тимохиноном 350 мл | волосы | уход | шампунь | кожа головы | жирная | жирные | лишенные объема | жирность | блеск | объем | очищение | себорегуляция | смягчение | увлажнение,https://socrimea.ru/catalog/volosy/ochishchenie/shampun_dlya_zhirnykh_i_lishennykh_obema_volos_s_maslom_rozmarina_s_timokhinonom_350_ml_markirovka/,https://socrimea.ru/upload/iblock/b11/ieo8vo7i9v72g0jqbkthzav8g1u04wmo.png,False,гидролат_шампунь_для_жирных_и_лишенных_объема_волос_с_маслом_розмарина_с_тимохиноном_350_мл_350мл,1,,SOC_0063
hair_all.json,волосы,13,Шампунь для сухих и тонких волос с маслом Лаванды с тимохиноном 350 мл,волосы,уход,шампунь,волосы | кожа головы,350.0,мл,чувствительная,все типы волос | сухие | тонкие | поврежденные,воспаления | повреждение | потеря упругости | сухость | чувствительность,восстановление | очищение | расслабление | смягчение | увлажнение | успокаивающий эффект,,,,0,False,,,,,индивидуальная непереносимость компонентов,,"Шампунь для сухих и тонких волос с маслом Лаванды 350 млБережно очищает волосы и кожу головы, поддерживая оптимальный гидролипидный баланс. Он обогащает увлажняющими компонентами, которые позволяют восстановить структуру сухих и ломких волос, делая их более мягкими и эластичными. Шампунь на основе гидролата и масла лаванды подходит для всех типов волос и для чувствительной кожи головы, успокаивает ее и снимает раздражения, аромат лаванды приятно расслабляет.","Шампунь для сухих и тонких волос с маслом Лаванды 350 млБережно очищает волосы и кожу головы, поддерживая оптимальный гидролипидный баланс. Он обогащает увлажняющими компонентами, которые позволяют восстановить структуру сухих и ломких волос, делая их более мягкими и эластичными. Шампунь на основе гидролата и масла лаванды подходит для всех типов волос и для чувствительной кожи головы, успокаивает ее и снимает раздражения, аромат лаванды приятно расслабляет.",partial,"проблемы: воспаления, повреждение, потеря упругости, сухость, чувствительность; эффекты: восстановление, очищение, расслабление, смягчение, увлажнение, успокаивающий эффект; тип кожи: сухая, чувствительная; тип волос: все типы волос, поврежденные, сухие, тонкие",Шампунь для сухих и тонких волос с маслом Лаванды с тимохиноном 350 мл | волосы | уход | шампунь | кожа головы | чувствительная | все типы волос | сухие | тонкие | поврежденные | воспаления | повреждение | потеря упругости | сухость | чувствительность | восстановление | очищение | расслабление | смягчение | увлажнение | успокаивающий эффект,https://socrimea.ru/catalog/volosy/ochishchenie/shampun_dlya_sukhikh_i_tonkikh_volos_s_maslom_lavandy_s_timokhinonom_350_ml_markirovka/,https://socrimea.ru/upload/iblock/981/0jsc8w0hfvakc7ustfslqlb86fnd1005.png,False,гидролат_шампунь_для_сухих_и_тонких_волос_с_маслом_лаванды_с_тимохиноном_350_мл_350мл,1,,SOC_0064
hair_all.json,волосы,8,Шампунь для чувствительной кожи головы с маслом Иссопа с тимохиноном 100 мл,волосы,уход,шампунь,волосы | кожа головы,100.0,мл,чувствительная | жирная,все типы волос,жирность | чувствительность,антибактериальный эффект | очищение | себорегуляция | тонизирование | укрепление | успокаивающий эффект,масло иссопа,,,0,False,,,,,индивидуальная непереносимость компонентов,,"Шампунь для чувствительной кожи головы с маслом Иссопа 100 млШампунь для чувствительной кожи головы с маслом Иссопа бережно очищает волосы и кожу головы, снижает активность сальных желез и сохраняет ощущение свежести на весь день. Гидролат и масло иссопа укрепляет волосы, а так же обладают бактерицидными, успокаивающими и тонизирующими свойствами, поэтому шампунь подходит для всех типов волос и чувствительной кожи головы.","Шампунь для чувствительной кожи головы с маслом Иссопа 100 млШампунь для чувствительной кожи головы с маслом Иссопа бережно очищает волосы и кожу головы, снижает активность сальных желез и сохраняет ощущение свежести на весь день. Гидролат и масло иссопа укрепляет волосы, а так же обладают бактерицидными, успокаивающими и тонизирующими свойствами, поэтому шампунь подходит для всех типов волос и чувствительной кожи головы.",partial,"проблемы: жирность, чувствительность; эффекты: антибактериальный эффект, очищение, себорегуляция, тонизирование, укрепление, успокаивающий эффект; тип кожи: чувствительная; тип волос: все типы волос",Шампунь для чувствительной кожи головы с маслом Иссопа с тимохиноном 100 мл | волосы | уход | шампунь | кожа головы | чувствительная | жирная | все типы волос | жирность | чувствительность | антибактериальный эффект | очищение | себорегуляция | тонизирование | укрепление | успокаивающий эффект | масло иссопа,https://socrimea.ru/catalog/volosy/ochishchenie/shampun_dlya_chuvstvitelnoy_kozhi_golovy_s_maslom_issopa_s_timokhinonom_100_ml_markirovka/,https://socrimea.ru/local/templates/main/assets/images/nophoto.jpg,False,гидролат_шампунь_для_чувствительной_кожи_головы_с_маслом_иссопа_с_тимохиноном_100_мл_100мл,1,,SOC_0065
hair_all.json,волосы,12,Шампунь для чувствительной кожи головы с маслом Иссопа с тимохиноном 350 мл,волосы,уход,шампунь,волосы | кожа головы,350.0,мл,чувствительная | жирная,все типы волос,жирность | чувствительность,антибактериальный эффект | очищение | себорегуляция | тонизирование | укрепление | успокаивающий эффект,масло иссопа,,,0,False,,,,,индивидуальная непереносимость компонентов,,"Шампунь для чувствительной кожи головы с маслом Иссопа 350 млШампунь для чувствительной кожи головы с маслом Иссопа бережно очищает волосы и кожу головы, снижает активность сальных желез и сохраняет ощущение свежести на весь день. Гидролат и масло иссопа укрепляет волосы, а так же обладают бактерицидными, успокаивающими и тонизирующими свойствами, поэтому шампунь подходит для всех типов волос и чувствительной кожи головы.","Шампунь для чувствительной кожи головы с маслом Иссопа 350 млШампунь для чувствительной кожи головы с маслом Иссопа бережно очищает волосы и кожу головы, снижает активность сальных желез и сохраняет ощущение свежести на весь день. Гидролат и масло иссопа укрепляет волосы, а так же обладают бактерицидными, успокаивающими и тонизирующими свойствами, поэтому шампунь подходит для всех типов волос и чувствительной кожи головы.",partial,"проблемы: жирность, чувствительность; эффекты: антибактериальный эффект, очищение, себорегуляция, тонизирование, укрепление, успокаивающий эффект; тип кожи: чувствительная; тип волос: все типы волос",Шампунь для чувствительной кожи головы с маслом Иссопа с тимохиноном 350 мл | волосы | уход | шампунь | кожа головы | чувствительная | жирная | все типы волос | жирность | чувствительность | антибактериальный эффект | очищение | себорегуляция | тонизирование | укрепление | успокаивающий эффект | масло иссопа,https://socrimea.ru/catalog/volosy/ochishchenie/shampun_dlya_chuvstvitelnoy_kozhi_golovy_s_maslom_issopa_s_timokhinonom_350_ml_markirovka/,https://socrimea.ru/upload/iblock/52d/7zr0ctzwo2887erhmglghj4qfd50bt7l.png,False,гидролат_шампунь_для_чувствительной_кожи_головы_с_маслом_иссопа_с_тимохиноном_350_мл_350мл,1,,SOC_0066
litso_socrimea_all.json,лицо,39,Гидролат роза,лицо,уход,гидролат,лицо,,,проблемная | зрелая,,возрастные изменения | воспаления,антибактериальный эффект | антивозрастной уход | восстановление | противовоспалительный эффект | увлажнение,гидролат розы,"гидролат розы, геогард 221",гидролат розы | геогард 221,2,True,,"распылить на кожу, дать высохнуть, не смывать; для обогащения добавлять в маски, шампуни, гели, кремы и лосьоны","для ухода за любым типом кожи, эффективно борется с преждевременным старением кожи, оживляет и восстанавливает, увлажняет, заживляет, снимает воспаление, обладает антибактериальным эффектом",Не является пищевым продуктом,индивидуальная непереносимость компонентов. Меры предосторожности: Не является пищевым продуктом,"хранить в прохладном месте, избегать попадания прямых солнечных лучей. При замораживании не теряет своих свойств. Допустимо незначительное образование хлопьевидного осадка","Свойства: для ухода за любым типом кожи, эффективно борется с преждевременным старением кожи, оживляет и восстанавливает, увлажняет, заживляет, снимает воспаление, обладает антибактериальным эффектом.","Состав: гидролат розы, геогард 221. Гидролаты АЭМСЗ производятся с использованием природной воды из источника Хачи - I горного массива Чатыр-Даг. Свойства: для ухода за любым типом кожи, эффективно борется с преждевременным старением кожи, оживляет и восстанавливает, увлажняет, заживляет, снимает воспаление, обладает антибактериальным эффектом. Применение: распылить на кожу, дать высохнуть, не смывать; для обогащения добавлять в маски, шампуни, гели, кремы и лосьоны. Противопоказания: индивидуальная непереносимость компонентов. Меры предосторожности: Не является пищевым продуктом. Условия хранения: хранить в прохладном месте, избегать попадания прямых солнечных лучей. При замораживании не теряет своих свойств. Допустимо незначительное образование хлопьевидного осадка. ТУ 20.42.15-015-00759251-2021. Срок годности: 24 месяца.",good,"проблемы: возрастные изменения, воспаления; эффекты: антибактериальный эффект, антивозрастной уход, восстановление, противовоспалительный эффект, увлажнение; тип кожи: все типы кожи, зрелая",Гидролат роза | лицо | уход | гидролат | проблемная | зрелая | возрастные изменения | воспаления | антибактериальный эффект | антивозрастной уход | восстановление | противовоспалительный эффект | увлажнение | гидролат розы,https://socrimea.ru/catalog/litso/gidrolat_roza_100_ml_markirovka/,https://socrimea.ru/upload/iblock/4a2/1ndcyqm0uh7ft2yulfcj0uaxsb4p4qw7.jpg,False,крем_гидролат_роза_,2,https://socrimea.ru/catalog/litso/gidrolat_roza_100_ml_arsoleum_markirovka/,SOC_0067
litso_socrimea_all.json,лицо,7,Крем дневной питательный Лаванда,лицо,уход,крем,лицо,,,,,,питание,d-пантенол | витамин а | витамин е | гидролат лаванды | лимонная кислота | масло виноградной косточки | масло ши | пантенол | сквалан,"гидролат лаванды, масло рапсовое, масло виноградной косточки, масло ши, глицерил стеарат, оксид цинка, D-пантенол, сквалан, ксантановая камедь, цетеариловый спирт, витамин Е, витамин А, лимонная кислота, эфирное масло степной лаванды, бензиловый спирт, бензалконий хлорид, феноксиэтанол, ионол, геогард 221",гидролат лаванды | масло рапсовое | масло виноградной косточки | масло ши | глицерил стеарат | оксид цинка | D-пантенол | сквалан | ксантановая камедь | цетеариловый спирт | витамин Е | витамин А | лимонная кислота | эфирное масло степной лаванды | бензиловый спирт | бензалконий хлорид | феноксиэтанол | ионол | геогард 221,19,True,бензалконий хлорид | бензиловый спирт | витамин а | ионол | мед | феноксиэтанол,,,,индивидуальная непереносимость компонентов,,Крем дневной питательный Лаванда.,"Крем дневной питательный Лаванда.Состав: гидролат лаванды, масло рапсовое, масло виноградной косточки, масло ши, глицерил стеарат, оксид цинка, D-пантенол, сквалан, ксантановая камедь, цетеариловый спирт, витамин Е, витамин А, лимонная кислота, эфирное масло степной лаванды, бензиловый спирт, бензалконий хлорид, феноксиэтанол, ионол, геогард 221.Крем дневной питательный Лаванда с нежной текстурой обеспечивает глубокое питание, устраняет сухость и обезвоженность, повышает упругость и тонус кожи, наполняет ее сиянием. Гидролат и эфирное масло степной лаванды насыщают кожу полезными компонентами, сохраняя молодость, тонизируют и освежают цвет лица, устраняя покраснения и раздражения, защищают от воздействия факторов окружающей среды. Комплекс органических масел (рапса, виноградной косточки, ши) насыщает кожу жирными кислотами и витаминами, предотвращает появление возрастных изменений, улучшает регенерацию клеток, восстанавливает гидро-липидный баланс, делает кожу упругой и эластичной. Д-пантенол улучшает к",good,эффекты: питание,Крем дневной питательный Лаванда | лицо | уход | крем | питание | d-пантенол | витамин а | витамин е | гидролат лаванды | лимонная кислота | масло виноградной косточки | масло ши | пантенол | сквалан,https://socrimea.ru/catalog/litso/krem_dnevnoy_pitatelnyy_lavanda_50_ml_markirovka/,https://socrimea.ru/upload/iblock/026/nva1blhlj94r5qtxhtw4axuhnv3ofuxf.jpg,False,крем_крем_дневной_питательный_лаванда_,2,https://socrimea.ru/catalog/litso/krem_dnevnoy_pitatelnyy_lavanda_50_ml_sk/,SOC_0068
litso_socrimea_all.json,лицо,9,Крем дневной питательный Роза,лицо,уход,крем,лицо,,,,,,питание,d-пантенол | витамин а | витамин е | гидролат розы | лимонная кислота | масло виноградной косточки | масло ши | пантенол | сквалан,"гидролат розы, масло виноградной косточки, масло рапсовое, масло ши, глицерил стеарат, оксид цинка, D-пантенол, сквалан, ксантановая камедь, цетеариловый спирт, витамин Е, витамин А, лимонная кислота, эфирное масло герани, эфирное масло пальмарозы, бензиловый спирт, бензалконий хлорид, феноксиэтанол, ионол, геогард 221",гидролат розы | масло виноградной косточки | масло рапсовое | масло ши | глицерил стеарат | оксид цинка | D-пантенол | сквалан | ксантановая камедь | цетеариловый спирт | витамин Е | витамин А | лимонная кислота | эфирное масло герани | эфирное масло пальмарозы | бензиловый спирт | бензалконий хлорид | феноксиэтанол | ионол | геогард 221,20,True,бензалконий хлорид | бензиловый спирт | витамин а | ионол | мед | феноксиэтанол | эфирное масло герани | эфирное масло пальмарозы,,,,индивидуальная непереносимость компонентов,,Крем дневной питательный Роза.,"Крем дневной питательный Роза.Состав: гидролат розы, масло виноградной косточки, масло рапсовое, масло ши, глицерил стеарат, оксид цинка, D-пантенол, сквалан, ксантановая камедь, цетеариловый спирт, витамин Е, витамин А, лимонная кислота, эфирное масло герани, эфирное масло пальмарозы, бензиловый спирт, бензалконий хлорид, феноксиэтанол, ионол, геогард 221.Дневной питательный крем на основе гидролата розы с насыщенной, шелковистой текстурой глубоко питает нежную кожу лица, возвращая ей гладкость, комфорт и сияние. Гидролат розы обеспечивает профилактику преждевременного старения, насыщает кожу витаминами, повышая упругость и устраняя тусклый цвет лица. Эфирные масла пальмарозы и герани активизируют обменные процессы, ускоряют регенерацию поврежденных клеток, смягчают воспаления, тонизируют и делают кожу шелковистой. Д-пантенол улучшает качество и тонус кожи, а также устраняет шелушения. Витамин Е стимулирует процессы регенерации, питает и укрепляет сосуды. Витамин А (ретинол) поддерживает молодость клет",partial,эффекты: питание,Крем дневной питательный Роза | лицо | уход | крем | питание | d-пантенол | витамин а | витамин е | гидролат розы | лимонная кислота | масло виноградной косточки | масло ши | пантенол | сквалан,https://socrimea.ru/catalog/litso/krem_dnevnoy_pitatelnyy_roza_50_ml_markirovka/,https://socrimea.ru/upload/iblock/455/kw03sxfcy6r78bj5qqcdloiul22ivood.jpg,False,крем_крем_дневной_питательный_роза_,2,https://socrimea.ru/catalog/litso/krem_dnevnoy_pitatelnyy_roza_50_ml_sk/,SOC_0069
litso_socrimea_all.json,лицо,2,Крем дневной увлажняющий Лаванда,лицо,уход,крем,лицо,,,,,,питание | увлажнение,d-пантенол | витамин е | витамин с | гиалуроновая кислота | гидролат лаванды | масло виноградной косточки | масло миндальное | масло ши | пантенол | сквалан,"гидролат лаванды, масло миндальное, D-пантенол, масло виноградной косточки, глицерил стеарат, сквалан, цетеариловый спирт, гиалуроновая кислота, витамин С, масло ши, эфирное масло степной лаванды, витамин Е, феноксиэтанол",гидролат лаванды | масло миндальное | D-пантенол | масло виноградной косточки | глицерил стеарат | сквалан | цетеариловый спирт | гиалуроновая кислота | витамин С | масло ши | эфирное масло степной лаванды | витамин Е | феноксиэтанол,13,True,феноксиэтанол,,,,индивидуальная непереносимость компонентов,,Крем дневной увлажняющий Лаванда.,"Крем дневной увлажняющий Лаванда.Состав: гидролат лаванды, масло миндальное, D-пантенол, масло виноградной косточки, глицерил стеарат, сквалан, цетеариловый спирт, гиалуроновая кислота, витамин С, масло ши, эфирное масло степной лаванды, витамин Е, феноксиэтанол.Насыщенный натуральными компонентами дневной увлажняющий крем Лаванда, восстанавливает и поддерживает оптимальный уровень влаги, наполняет кожу витаминами и питательными компонентами, делая кожу сияющей изнутри. Гидролат и эфирное масло степной лаванды насыщают кожу полезными компонентами, сохраняя молодость, тонизируют и освежают цвет лица, устраняя покраснения и раздражения, защищают от воздействия факторов окружающей среды. Гиалуроновая кислота в высокой концентрации обеспечивает интенсивное увлажнение кожи, комплекс органических масел (миндаля, виноградной косточки, ши) улучшает регенерацию клеток, восстанавливает гидро-липидный баланс, делает кожу упругой и эластичной. D-пантенол улучшает качество и тонус кожи, а также устраняет шелушения.",good,"эффекты: питание, увлажнение",Крем дневной увлажняющий Лаванда | лицо | уход | крем | питание | увлажнение | d-пантенол | витамин е | витамин с | гиалуроновая кислота | гидролат лаванды | масло виноградной косточки | масло миндальное | масло ши | пантенол | сквалан,https://socrimea.ru/catalog/litso/krem_dnevnoy_uvlazhnyayushchiy_lavanda_50_ml_markirovka/,https://socrimea.ru/upload/iblock/ff8/v22tx5arf8q627nqveln8e4m2zux0kf2.jpg,False,крем_крем_дневной_увлажняющий_лаванда_,1,,SOC_0070
litso_socrimea_all.json,лицо,8,Крем дневной увлажняющий Роза,лицо,уход,крем,лицо,,,,,,питание | увлажнение,d-пантенол | витамин е | витамин с | гиалуроновая кислота | гидролат розы | масло виноградной косточки | масло миндальное | масло ши | пантенол | сквалан,"гидролат розы, масло миндальное, D-пантенол, масло виноградной косточки, глицерил стеарат, сквалан, цетеариловый спирт, гиалуроновая кислота, витамин С, масло ши, эфирное масло герани, эфирное масло пальмарозы, витамин Е, феноксиэтанол",гидролат розы | масло миндальное | D-пантенол | масло виноградной косточки | глицерил стеарат | сквалан | цетеариловый спирт | гиалуроновая кислота | витамин С | масло ши | эфирное масло герани | эфирное масло пальмарозы | витамин Е | феноксиэтанол,14,True,феноксиэтанол | эфирное масло герани | эфирное масло пальмарозы,,,,индивидуальная непереносимость компонентов,,Крем дневной увлажняющий Роза.,"Крем дневной увлажняющий Роза.Состав: гидролат розы, масло миндальное, D-пантенол, масло виноградной косточки, глицерил стеарат, сквалан, цетеариловый спирт, гиалуроновая кислота, витамин С, масло ши, эфирное масло герани, эфирное масло пальмарозы, витамин Е, феноксиэтанол.Насыщенный натуральными компонентами дневной увлажняющий крем на основе гидролата розы восстанавливает и поддерживает оптимальный уровень влаги, наполняет кожу витаминами и питательными компонентами, делая кожу сияющей изнутри. Гиалуроновая кислота в высокой концентрации обеспечивает интенсивное увлажнение кожи, комплекс органических масел (миндаля, виноградной косточки, ши) улучшает регенерацию клеток, восстанавливает гидро-липидный баланс, делает кожу упругой и эластичной. D-пантенол улучшает качество и тонус кожи, а также устраняет шелушения. Витамин С стимулирует выработку коллагена, возвращает коже сияние, а в сочетании с витамином Е и скваланом оказывает выраженное антиоксидантное действие, предотвращая появление признаков прежд",partial,"эффекты: питание, увлажнение",Крем дневной увлажняющий Роза | лицо | уход | крем | питание | увлажнение | d-пантенол | витамин е | витамин с | гиалуроновая кислота | гидролат розы | масло виноградной косточки | масло миндальное | масло ши | пантенол | сквалан,https://socrimea.ru/catalog/litso/krem_dnevnoy_uvlazhnyayushchiy_roza_50_ml_markirovka/,https://socrimea.ru/upload/iblock/c73/oz4bsm5otjjb3mcouai9sm8gzrzxmivd.jpg,False,крем_крем_дневной_увлажняющий_роза_,1,,SOC_0071
litso_socrimea_all.json,лицо,6,Крем ночной питательный Лаванда,лицо,уход,крем,лицо,,,,,,питание,d-пантенол | витамин а | витамин с | гиалуроновая кислота | гидролат лаванды | масло жожоба | масло кокосовое | масло ши | пантенол | сквалан | яблочная кислота,"гидролат лаванды, масло кокосовое, масло ши, масло жожоба, глицерил стеарат, оксид цинка, D-пантенол, сквалан, цетеариловый спирт, гиалуроновая кислота, витамин А, яблочная кислота, ксантановая камедь, витамин С, эфирное масло степной лаванды, бензиловый спирт, бензалконий хлорид, феноксиэтанол, ионол, геогард 221",гидролат лаванды | масло кокосовое | масло ши | масло жожоба | глицерил стеарат | оксид цинка | D-пантенол | сквалан | цетеариловый спирт | гиалуроновая кислота | витамин А | яблочная кислота | ксантановая камедь | витамин С | эфирное масло степной лаванды | бензиловый спирт | бензалконий хлорид | феноксиэтанол | ионол | геогард 221,20,True,бензалконий хлорид | бензиловый спирт | витамин а | ионол | мед | феноксиэтанол,,,,индивидуальная непереносимость компонентов,,Крем ночной питательный Лаванда.,"Крем ночной питательный Лаванда.Состав: гидролат лаванды, масло кокосовое, масло ши, масло жожоба, глицерил стеарат, оксид цинка, D-пантенол, сквалан, цетеариловый спирт, гиалуроновая кислота, витамин А, яблочная кислота, ксантановая камедь, витамин С, эфирное масло степной лаванды, бензиловый спирт, бензалконий хлорид, феноксиэтанол, ионол, геогард 221.Крем ночной питательный Лаванда с насыщенной формулой успокаивает, восстанавливает и питает сухую кожу, возвращая ей красоту, комфорт и сияние. Гидролат и эфирное масло степной лаванды насыщают кожу полезными компонентами, сохраняя молодость, тонизируют и освежают цвет лица, устраняя покраснения и раздражения. D-пантенол улучшает качество и тонус кожи, а также устраняет шелушения. Витамин С стимулирует выработку коллагена, возвращает коже сияние. Сквалан оказывает антиоксидантное действие, предотвращая появление признаков преждевременного старения. Витамин А (ретинол) поддерживает молодость клеток, усиливая защитные свойства. Входящий в состав цинк снижа",good,эффекты: питание,Крем ночной питательный Лаванда | лицо | уход | крем | питание | d-пантенол | витамин а | витамин с | гиалуроновая кислота | гидролат лаванды | масло жожоба | масло кокосовое | масло ши | пантенол | сквалан | яблочная кислота,https://socrimea.ru/catalog/litso/krem_nochnoy_pitatelnyy_lavanda_50_ml_markirovka/,https://socrimea.ru/upload/iblock/af1/bw8g1hmsdtqty2lybi1nyg56iq5e46mp.jpg,False,крем_крем_ночной_питательный_лаванда_,2,https://socrimea.ru/catalog/litso/krem_nochnoy_pitatelnyy_lavanda_50_ml_sk/,SOC_0072
litso_socrimea_all.json,лицо,3,Крем ночной питательный Роза,лицо,уход,крем,лицо,,,,,,питание,d-пантенол | витамин а | витамин с | гиалуроновая кислота | гидролат розы | масло жожоба | масло кокосовое | масло ши | пантенол | сквалан | яблочная кислота,"гидролат розы, масло кокосовое, масло ши, масло жожоба, глицерил стеарат, оксид цинка, D-пантенол, сквалан, цетеариловый спирт, гиалуроновая кислота, витамин А, яблочная кислота, ксантановая камедь, витамин С, эфирное масло герани, эфирное масло пальмарозы, бензиловый спирт, бензалконий хлорид, феноксиэтанол, ионол, геогард 221",гидролат розы | масло кокосовое | масло ши | масло жожоба | глицерил стеарат | оксид цинка | D-пантенол | сквалан | цетеариловый спирт | гиалуроновая кислота | витамин А | яблочная кислота | ксантановая камедь | витамин С | эфирное масло герани | эфирное масло пальмарозы | бензиловый спирт | бензалконий хлорид | феноксиэтанол | ионол | геогард 221,21,True,бензалконий хлорид | бензиловый спирт | витамин а | ионол | мед | феноксиэтанол | эфирное масло герани | эфирное масло пальмарозы,,,,индивидуальная непереносимость компонентов,,Крем ночной питательный Роза.,"Крем ночной питательный Роза.Состав: гидролат розы, масло кокосовое, масло ши, масло жожоба, глицерил стеарат, оксид цинка, D-пантенол, сквалан, цетеариловый спирт, гиалуроновая кислота, витамин А, яблочная кислота, ксантановая камедь, витамин С, эфирное масло герани, эфирное масло пальмарозы, бензиловый спирт, бензалконий хлорид, феноксиэтанол, ионол, геогард 221.Крем ночной питательный Роза специально разработан для восстановления и питания сухой кожи в ночное время. Гидролат розы обеспечивает профилактику преждевременного старения, насыщает кожу витаминами, повышая упругость и устраняя тусклый цвет лица. Эфирные масла пальмарозы и герани активизируют обменные процессы, ускоряют регенерацию поврежденных клеток, смягчают воспаления, тонизируют и делают кожу шелковистой. D-пантенол улучшает качество и тонус кожи, а также устраняет шелушения. Витамин С стимулирует выработку коллагена, возвращает коже сияние. Сквалан оказывает антиоксидантное действие, предотвращая появление признаков преждевременного ста",partial,эффекты: питание,Крем ночной питательный Роза | лицо | уход | крем | питание | d-пантенол | витамин а | витамин с | гиалуроновая кислота | гидролат розы | масло жожоба | масло кокосовое | масло ши | пантенол | сквалан | яблочная кислота,https://socrimea.ru/catalog/litso/krem_nochnoy_pitatelnyy_roza_50_ml_markirovka/,https://socrimea.ru/upload/iblock/a1d/sibu2szyawx0gtlk2ky1hnkvox4jerl4.jpg,False,крем_крем_ночной_питательный_роза_,2,https://socrimea.ru/catalog/litso/krem_nochnoy_pitatelnyy_roza_50_ml_sk/,SOC_0073
telo_all.json,тело,8,Крем для лица при акне тимохиноном,лицо,уход,крем,лицо,,,проблемная,,акне | воспаления,антибактериальный эффект | восстановление | очищение | питание | противовоспалительный эффект | эксфолиация,азелаиновая кислота | аллантоин | бетаин | бисаболол | витамин рр | лимонная кислота | никотиновая кислота | пантенол | прополис | салициловая кислота | тимохинон | цинк pca | черного тмина | экстракт календулы | экстракт прополиса | экстракт черного тмина | экстракт шалфея | янтарная кислота,"вода очищенная, каприлик/каприк триглицерид, этилгексил стеарат, азелаиновая кислота, парафиновое масло, масло касторовое, октилдодеканол, цетиловый спирт, цетеариловый спирт, миристиновая кислота, стеариновая кислота, глицерил моностеарат, изопропилмиристат, гидрогенизированное касторовое масло, пантенол, янтарная кислота, парфюмерная композиция, триэтаноламин, аллантоин, бетаин, салициловая кислота, цинк PCA, метилсульфонилметан, бикарбонат натрия, феноксиэтанол, агидол, экстракт шалфея, экстракт календулы, экстракт прополиса, экстракт черного тмина с тимохиноном, витамин РР (никотиновая кислота), трилон б, бисаболол, лимонная кислота",вода очищенная | каприлик/каприк триглицерид | этилгексил стеарат | азелаиновая кислота | парафиновое масло | масло касторовое | октилдодеканол | цетиловый спирт | цетеариловый спирт | миристиновая кислота | стеариновая кислота | глицерил моностеарат | изопропилмиристат | гидрогенизированное касторовое масло | пантенол | янтарная кислота | парфюмерная композиция | триэтаноламин | аллантоин | бетаин | салициловая кислота | цинк PCA | метилсульфонилметан | бикарбонат натрия | феноксиэтанол | агидол | экстракт шалфея | экстракт календулы | экстракт прополиса | экстракт черного тмина с тимохиноном | витамин РР (никотиновая кислота) | трилон б | бисаболол | лимонная кислота,34,True,азелаиновая кислота | парфюмерная композиция | прополис | салициловая кислота | феноксиэтанол | экстракт прополиса,"предварительно очистите кожу от загрязнений и макияжа, применяя мягкие средства для умывания, после небольшое количество крема распределите по всему лицу. Использовать утром и вечером для достижения максимального эффекта",,"избегайте попадания в глаза и слизистые оболочки, при появлении аллергических реакций прекратить использование и проконсультироваться с врачом",индивидуальная непереносимость компонентов,"плотно закрытым при температуре от +5°С до +25°С, избегать попадания прямых солнечных лучей","Избавьтесь от несовершенства кожи раз и навсегда! Наш новый инновационный крем предлагает комплексный подход к борьбе с воспалениями, высыпаниями и пост-акне, сохраняя природный баланс кожи. Уникальные экстракты чёрного тмина с активным веществом тимохиноном, календулы и мускатного шалфея нежно очищают поры, снижают воспаления и улучшают общее состояние кожи. Натуральный прополис оказывает мощный антибактериальный эффект, предотвращает появление новых очагов воспаления и способствует быстрому восстановлению повреждённых участков кожи. Органическая салициловая кислота эффективно устраняет излишний жир, сужает расширенные поры и предупреждает повторное возникновение прыщей. Регулярно используя этот крем, вы заметите значительные улучшения уже спустя короткое время: кожа становится чистой, ровной и сияющей здоровьем. Заботьтесь о красоте своего лица естественно и эффективно!","Избавьтесь от несовершенства кожи раз и навсегда! Наш новый инновационный крем предлагает комплексный подход к борьбе с воспалениями, высыпаниями и пост-акне, сохраняя природный баланс кожи. Уникальные экстракты чёрного тмина с активным веществом тимохиноном, календулы и мускатного шалфея нежно очищают поры, снижают воспаления и улучшают общее состояние кожи. Натуральный прополис оказывает мощный антибактериальный эффект, предотвращает появление новых очагов воспаления и способствует быстрому восстановлению повреждённых участков кожи. Органическая салициловая кислота эффективно устраняет излишний жир, сужает расширенные поры и предупреждает повторное возникновение прыщей. Регулярно используя этот крем, вы заметите значительные улучшения уже спустя короткое время: кожа становится чистой, ровной и сияющей здоровьем. Заботьтесь о красоте своего лица естественно и эффективно!Состав: вода очищенная, каприлик/каприк триглицерид, этилгексил стеарат, азелаиновая кислота, парафиновое масло, масло касторовое, октилдодеканол, цетиловый спирт, цетеариловый спирт, миристиновая кислота, стеариновая кислота, глицерил моностеарат, изопропилмиристат, гидрогенизированное касторовое масло, пантенол, янтарная кислота, парфюмерная композиция, триэтаноламин, аллантоин, бетаин, салициловая кислота, цинк PCA, метилсульфонилметан, бикарбонат натрия, феноксиэтанол, агидол, экстракт шалфея, экстракт календулы, экстракт прополиса, экстракт черного тмина с тимохиноном, витамин РР (никотиновая кислота), трилон б, бисаболол, лимонная кислотаСпособ применения: предварительно очистите кожу от загрязнений и макияжа, применяя мягкие средства для умывания, после небольшое количество крема распределите по всему лицу. Использовать утром и вечером для достижения максимального эффекта.Меры предосторожности: избегайте попадания в глаза и слизистые оболочки, при появлении аллергических реакций прекратить использование и проконсультироваться с врачомПротивопоказания: индивидуальная непереносимость компонентовУсловия хранения: плотно закрытым при температуре от +5°С до +25°С, избегать попадания прямых солнечных лучей.",good,"проблемы: акне, воспаления; эффекты: антибактериальный эффект, восстановление, очищение, питание, противовоспалительный эффект, эксфолиация; тип кожи: проблемная",Крем для лица при акне тимохиноном | лицо | уход | крем | проблемная | акне | воспаления | антибактериальный эффект | восстановление | очищение | питание | противовоспалительный эффект | эксфолиация | азелаиновая кислота | аллантоин | бетаин | бисаболол | витамин рр | лимонная кислота | никотиновая кислота | пантенол | прополис | салициловая кислота | тимохинон | цинк pca | черного тмина | экстракт календулы | экстракт прополиса | экстракт черного тмина | экстракт шалфея | янтарная кислота,https://socrimea.ru/catalog/telo/ukhod_3/krem_dlya_litsa_pri_akne_s_timokhinonom_40_ml_markirovka/,https://socrimea.ru/upload/iblock/7f8/655is2gi56pj3v0z7wcf3aqbp9ecxpps.jpg,False,крем для лица_крем_для_лица_при_акне_тимохиноном_,2,https://socrimea.ru/catalog/telo/ukhod_3/aktsiya_krem_dlya_litsa_pri_akne_s_timokhinonom_40_ml_markirovka/,SOC_0074
telo_all.json,тело,59,Крем для лица при акне тимохиноном,лицо,уход,крем,лицо,40.0,мл,проблемная,,акне | воспаления,антибактериальный эффект | восстановление | очищение | питание | противовоспалительный эффект | эксфолиация,азелаиновая кислота | аллантоин | бетаин | бисаболол | витамин рр | лимонная кислота | никотиновая кислота | пантенол | прополис | салициловая кислота | тимохинон | цинк pca | черного тмина | экстракт календулы | экстракт прополиса | экстракт черного тмина | экстракт шалфея | янтарная кислота,"вода очищенная, каприлик/каприк триглицерид, этилгексил стеарат, азелаиновая кислота, парафиновое масло, масло касторовое, октилдодеканол, цетиловый спирт, цетеариловый спирт, миристиновая кислота, стеариновая кислота, глицерил моностеарат, изопропилмиристат, гидрогенизированное касторовое масло, пантенол, янтарная кислота, парфюмерная композиция, триэтаноламин, аллантоин, бетаин, салициловая кислота, цинк PCA, метилсульфонилметан, бикарбонат натрия, феноксиэтанол, агидол, экстракт шалфея, экстракт календулы, экстракт прополиса, экстракт черного тмина с тимохиноном, витамин РР (никотиновая кислота), трилон б, бисаболол, лимонная кислота",вода очищенная | каприлик/каприк триглицерид | этилгексил стеарат | азелаиновая кислота | парафиновое масло | масло касторовое | октилдодеканол | цетиловый спирт | цетеариловый спирт | миристиновая кислота | стеариновая кислота | глицерил моностеарат | изопропилмиристат | гидрогенизированное касторовое масло | пантенол | янтарная кислота | парфюмерная композиция | триэтаноламин | аллантоин | бетаин | салициловая кислота | цинк PCA | метилсульфонилметан | бикарбонат натрия | феноксиэтанол | агидол | экстракт шалфея | экстракт календулы | экстракт прополиса | экстракт черного тмина с тимохиноном | витамин РР (никотиновая кислота) | трилон б | бисаболол | лимонная кислота,34,True,азелаиновая кислота | парфюмерная композиция | прополис | салициловая кислота | феноксиэтанол | экстракт прополиса,"предварительно очистите кожу от загрязнений и макияжа, применяя мягкие средства для умывания, после небольшое количество крема распределите по всему лицу. Использовать утром и вечером для достижения максимального эффекта",,"избегайте попадания в глаза и слизистые оболочки, при появлении аллергических реакций прекратить использование и проконсультироваться с врачом",индивидуальная непереносимость компонентов,"плотно закрытым при температуре от +5°С до +25°С, избегать попадания прямых солнечных лучей","Избавьтесь от несовершенства кожи раз и навсегда! Наш новый инновационный крем предлагает комплексный подход к борьбе с воспалениями, высыпаниями и пост-акне, сохраняя природный баланс кожи. Уникальные экстракты чёрного тмина с активным веществом тимохиноном, календулы и мускатного шалфея нежно очищают поры, снижают воспаления и улучшают общее состояние кожи. Натуральный прополис оказывает мощный антибактериальный эффект, предотвращает появление новых очагов воспаления и способствует быстрому восстановлению повреждённых участков кожи. Органическая салициловая кислота эффективно устраняет излишний жир, сужает расширенные поры и предупреждает повторное возникновение прыщей. Регулярно используя этот крем, вы заметите значительные улучшения уже спустя короткое время: кожа становится чистой, ровной и сияющей здоровьем. Заботьтесь о красоте своего лица естественно и эффективно!","Избавьтесь от несовершенства кожи раз и навсегда! Наш новый инновационный крем предлагает комплексный подход к борьбе с воспалениями, высыпаниями и пост-акне, сохраняя природный баланс кожи. Уникальные экстракты чёрного тмина с активным веществом тимохиноном, календулы и мускатного шалфея нежно очищают поры, снижают воспаления и улучшают общее состояние кожи. Натуральный прополис оказывает мощный антибактериальный эффект, предотвращает появление новых очагов воспаления и способствует быстрому восстановлению повреждённых участков кожи. Органическая салициловая кислота эффективно устраняет излишний жир, сужает расширенные поры и предупреждает повторное возникновение прыщей. Регулярно используя этот крем, вы заметите значительные улучшения уже спустя короткое время: кожа становится чистой, ровной и сияющей здоровьем. Заботьтесь о красоте своего лица естественно и эффективно!Состав: вода очищенная, каприлик/каприк триглицерид, этилгексил стеарат, азелаиновая кислота, парафиновое масло, масло касторовое, октилдодеканол, цетиловый спирт, цетеариловый спирт, миристиновая кислота, стеариновая кислота, глицерил моностеарат, изопропилмиристат, гидрогенизированное касторовое масло, пантенол, янтарная кислота, парфюмерная композиция, триэтаноламин, аллантоин, бетаин, салициловая кислота, цинк PCA, метилсульфонилметан, бикарбонат натрия, феноксиэтанол, агидол, экстракт шалфея, экстракт календулы, экстракт прополиса, экстракт черного тмина с тимохиноном, витамин РР (никотиновая кислота), трилон б, бисаболол, лимонная кислотаСпособ применения: предварительно очистите кожу от загрязнений и макияжа, применяя мягкие средства для умывания, после небольшое количество крема распределите по всему лицу. Использовать утром и вечером для достижения максимального эффекта.Меры предосторожности: избегайте попадания в глаза и слизистые оболочки, при появлении аллергических реакций прекратить использование и проконсультироваться с врачомПротивопоказания: индивидуальная непереносимость компонентовУсловия хранения: плотно закрытым при температуре от +5°С до +25°С, избегать попадания прямых солнечных лучей.",good,"проблемы: акне, воспаления; эффекты: антибактериальный эффект, восстановление, очищение, питание, противовоспалительный эффект, эксфолиация; тип кожи: проблемная",Крем для лица при акне тимохиноном | лицо | уход | крем | проблемная | акне | воспаления | антибактериальный эффект | восстановление | очищение | питание | противовоспалительный эффект | эксфолиация | азелаиновая кислота | аллантоин | бетаин | бисаболол | витамин рр | лимонная кислота | никотиновая кислота | пантенол | прополис | салициловая кислота | тимохинон | цинк pca | черного тмина | экстракт календулы | экстракт прополиса | экстракт черного тмина | экстракт шалфея | янтарная кислота,https://socrimea.ru/catalog/telo/ukhod_3/aktsiya_krem_dlya_litsa_pri_akne_s_timokhinonom_40_ml/,https://socrimea.ru/upload/iblock/7f8/655is2gi56pj3v0z7wcf3aqbp9ecxpps.jpg,True,крем для лица_крем_для_лица_при_акне_тимохиноном_40мл,1,,SOC_0075
litso_socrimea_all.json,лицо,68,Маска для лица тканевая анти акне,лицо,уход,маска,лицо,,,проблемная,,акне,,,,,0,False,,,,,,,,,poor,проблемы: акне; тип кожи: проблемная,Маска для лица тканевая анти акне | лицо | уход | маска | проблемная | акне,https://socrimea.ru/catalog/litso/maska_dlya_litsa_tkanevaya_anti_akne_28_g_markirovka/,https://socrimea.ru/upload/iblock/948/wrqt41wdou3et9txss1xe4o52ah364jf.jpg,False,маска_маска_для_лица_тканевая_анти_акне_,1,,SOC_0076
litso_socrimea_all.json,лицо,66,Маска для лица тканевая интенсивное питание,лицо,уход,маска,лицо,,,,,,питание,,,,0,False,,,,,,,,,poor,эффекты: питание,Маска для лица тканевая интенсивное питание | лицо | уход | маска | питание,https://socrimea.ru/catalog/litso/maska_dlya_litsa_tkanevaya_intensivnoe_pitanie_28_g_markirovka/,https://socrimea.ru/upload/iblock/83c/do6xg6h0vju9uyzvqkj190obkpl922ek.jpg,False,маска_маска_для_лица_тканевая_интенсивное_питание_,1,,SOC_0077
litso_socrimea_all.json,лицо,67,Маска для лица тканевая оморожение и восстановление,лицо,уход,маска,лицо,,,,,,восстановление,,,,0,False,,,,,,,,,poor,эффекты: восстановление,Маска для лица тканевая оморожение и восстановление | лицо | уход | маска | восстановление,https://socrimea.ru/catalog/litso/maska_dlya_litsa_tkanevaya_omolozhenie_i_vosstanovlenie_28_g_markirovka/,https://socrimea.ru/upload/iblock/773/3ojc6bne32yx748trv5dhmzsvbc3rqc6.jpg,False,маска_маска_для_лица_тканевая_оморожение_и_восстановление_,1,,SOC_0078
litso_socrimea_all.json,лицо,69,Маска для лица тканевая увлажняющая от морщин,лицо,уход,маска,лицо,,,,,,,,,,0,False,,,,,,,,,poor,,Маска для лица тканевая увлажняющая от морщин | лицо | уход | маска,https://socrimea.ru/catalog/litso/maska_dlya_litsa_tkanevaya_uvlazhnyayushchaya_ot_morshchin/,https://socrimea.ru/upload/iblock/12f/h7fnar7vuo44u3v0209ueaibgsjtnrmh.jpg,False,маска_маска_для_лица_тканевая_увлажняющая_от_морщин_,1,,SOC_0079
litso_socrimea_all.json,лицо,58,Масло для бровей и ресниц,лицо,уход,масло,брови | ресницы,,,,,,,,,,0,False,,,,,,,,,poor,,Масло для бровей и ресниц | лицо | уход | масло | брови | ресницы,https://socrimea.ru/catalog/litso/maslo_dlya_brovey_i_resnits_10_ml_markirovka/,https://socrimea.ru/upload/iblock/f7e/4227wn9jee5ti6l84m1r87omv2llh3y2.jpg,False,масло для бровей и ресниц_масло_для_бровей_и_ресниц_,1,,SOC_0080
litso_socrimea_all.json,лицо,56,Масло для загара,тело,уход,масло для загара,тело,,,зрелая,,возрастные изменения | солнце/уф,антивозрастной уход | защита от солнца,масло жожоба | масло лаванды | экстракт розмарина | эфирное масло лаванды,"масло абрикосовых косточек, масло рапсовое, экстракт розмарина, эфирное масло иланг-иланга, эфирное масло лаванды, масло жожоба",масло абрикосовых косточек | масло рапсовое | экстракт розмарина | эфирное масло иланг-иланга | эфирное масло лаванды | масло жожоба,6,True,эфирное масло лаванды,"масло подходит для уже слегка смуглой кожи, либо, если кожа еще совсем светлая, то для непродолжительных сеансов загара",,"избегайте попадания смеси в глаза, в случае попадания в глаза немедленно промыть водой",индивидуальная непереносимость компонентов,"хранить в прохладном месте, избегать попадания прямых солнечных лучей. При замораживании не теряет своих свойств. Допустимо незначительное образование хлопьевидного","Масло для загара защитит вашу кожу от агрессивного воздействия УФ-лучей, предупредит пересыхание, преждевременное старение кожи и поможет приобрести красивый и стойкий бронзовый загар. Масло жожоба по консистенции является подобием жидкого воска, что позволит ему сохраниться на коже после купания. Масло очень экономично - достаточно нескольких капель, чтобы покрыть большой участок тела.","Масло для загара защитит вашу кожу от агрессивного воздействия УФ-лучей, предупредит пересыхание, преждевременное старение кожи и поможет приобрести красивый и стойкий бронзовый загар. Масло жожоба по консистенции является подобием жидкого воска, что позволит ему сохраниться на коже после купания. Масло очень экономично - достаточно нескольких капель, чтобы покрыть большой участок тела.Состав: масло абрикосовых косточек, масло рапсовое, экстракт розмарина, эфирное масло иланг-иланга, эфирное масло лаванды, масло жожоба.Применение: масло подходит для уже слегка смуглой кожи, либо, если кожа еще совсем светлая, то для непродолжительных сеансов загара.Меры предосторожности: избегайте попадания смеси в глаза, в случае попадания в глаза немедленно промыть водой.Противопоказания: индивидуальная непереносимость компонентов.Условия хранения: хранить в прохладном месте, избегать попадания прямых солнечных лучей. При замораживании не теряет своих свойств. Допустимо незначительное образование хлопьевидного",good,"проблемы: возрастные изменения, солнце/уф; эффекты: антивозрастной уход, защита от солнца; тип кожи: зрелая",Масло для загара | тело | уход | масло для загара | зрелая | возрастные изменения | солнце/уф | антивозрастной уход | защита от солнца | масло жожоба | масло лаванды | экстракт розмарина | эфирное масло лаванды,https://socrimea.ru/catalog/litso/maslo_dlya_zagara_100_ml_markirovka/,https://socrimea.ru/local/templates/main/assets/images/nophoto.jpg,False,масло для загара_масло_для_загара_,1,,SOC_0081
litso_socrimea_all.json,лицо,64,спрей солнцезащитный spf,лицо,уход,солнцезащитный крем,лицо,100.0,мл,,,солнце/уф,защита от солнца,,,,0,False,,,,,,,,,poor,проблемы: солнце/уф; эффекты: защита от солнца,спрей солнцезащитный spf | лицо | уход | солнцезащитный крем | солнце/уф | защита от солнца,https://socrimea.ru/catalog/litso/sprey_solntsezashchitnyy_s_spf_30_100_ml/,https://socrimea.ru/upload/iblock/2ad/0yo2td4cniq3z959rdvm2kygro3viuhj.jpg,False,солнцезащитный крем_спрей_солнцезащитный_spf_100мл,1,,SOC_0082
litso_socrimea_all.json,лицо,35,Крем солнцезащитный spf,лицо,уход,крем,лицо,100.0,мл,,,солнце/уф,защита от солнца,,,,0,False,,,,,,,,,poor,проблемы: солнце/уф; эффекты: защита от солнца,Крем солнцезащитный spf | лицо | уход | крем | солнце/уф | защита от солнца,https://socrimea.ru/catalog/litso/krem_solntsezashchitnyy_spf_50_100_ml/,https://socrimea.ru/upload/iblock/f8f/aobno0pr3xfiea76y0no9e21auobcfjz.jpg,False,солнцезащитный крем_крем_солнцезащитный_spf_100мл,3,https://socrimea.ru/catalog/litso/krem_solntsezashchitnyy_spf_30_100_ml/ | https://socrimea.ru/catalog/litso/krem_solntsezashchitnyy_spf_15_100_ml/,SOC_0083
litso_socrimea_all.json,лицо,13,Масло сыворотка для лица успокаивающая тимохиноном,лицо,уход,сыворотка,лицо,,,,,,успокаивающий эффект,,,,0,False,,,,,,,,,poor,эффекты: успокаивающий эффект,Масло сыворотка для лица успокаивающая тимохиноном | лицо | уход | сыворотка | успокаивающий эффект,https://socrimea.ru/catalog/litso/maslo_syvorotka_dlya_litsa_uspokaivayushchaya_s_timokhinonom_30_ml_markirovka/,https://socrimea.ru/upload/iblock/291/aago4eahd11tbcpmslyxnu5l18nona0p.jpg,False,сыворотка_масло_сыворотка_для_лица_успокаивающая_тимохиноном_,1,,SOC_0084
litso_socrimea_all.json,лицо,65,Масло сыворотка для лица успокаивающая тимохиноном,лицо,уход,сыворотка,лицо,30.0,мл,,,,успокаивающий эффект,,,,0,False,,,,,,,,,poor,эффекты: успокаивающий эффект,Масло сыворотка для лица успокаивающая тимохиноном | лицо | уход | сыворотка | успокаивающий эффект,https://socrimea.ru/catalog/litso/maslo_syvorotka_dlya_litsa_uspokaivayushchaya_s_timokhinonom_30_ml/,https://socrimea.ru/upload/iblock/291/aago4eahd11tbcpmslyxnu5l18nona0p.jpg,False,сыворотка_масло_сыворотка_для_лица_успокаивающая_тимохиноном_30мл,1,,SOC_0085
litso_socrimea_all.json,лицо,10,"Тоник c натуральными экстрактами в составе которого содержатся экстракты прополиса, пыльцы и черного тмина с тимохиноном",лицо,уход,тоник,лицо,,,проблемная | зрелая,,возрастные изменения | воспаления | потеря упругости,антивозрастной уход | антиоксидантная защита | очищение | питание | противовоспалительный эффект | расслабление | смягчение | укрепление,прополис | тимохинон | черного тмина,,,0,False,,нанести тоник на кожу при помощи ватного диска,,избегать попадания в глаза,индивидуальная непереносимость компонентов,,"Тоник c натуральными экстрактами в составе которого содержатся экстракты прополиса, пыльцы и черного тмина с тимохиноном. Прополис борется с воспалениями, цветочная пыльца насыщает витаминами, а мощный антиоксидант тимохинон защищает от стрессов и старения. Нежная формула мягко очищает, укрепляет защитный барьер и возвращает коже упругость. Идеально подходит для всех типов кожи.","Тоник c натуральными экстрактами в составе которого содержатся экстракты прополиса, пыльцы и черного тмина с тимохиноном. Прополис борется с воспалениями, цветочная пыльца насыщает витаминами, а мощный антиоксидант тимохинон защищает от стрессов и старения. Нежная формула мягко очищает, укрепляет защитный барьер и возвращает коже упругость. Идеально подходит для всех типов кожи.Способ применения: нанести тоник на кожу при помощи ватного диска. Подходит для ежедневного использования.Меры предосторожности: избегать попадания в глаза.",partial,"проблемы: возрастные изменения, воспаления, потеря упругости; эффекты: антивозрастной уход, антиоксидантная защита, очищение, питание, противовоспалительный эффект, расслабление, смягчение, укрепление; тип кожи: все типы кожи, зрелая","Тоник c натуральными экстрактами в составе которого содержатся экстракты прополиса, пыльцы и черного тмина с тимохиноном | лицо | уход | тоник | проблемная | зрелая | возрастные изменения | воспаления | потеря упругости | антивозрастной уход | антиоксидантная защита | очищение | питание | противовоспалительный эффект | расслабление | смягчение | укрепление | прополис | тимохинон | черного тмина",https://socrimea.ru/catalog/litso/tonik_s_naturalnymi_ekstraktami_vosstanavlivayushchiy_30_ml_markirovka/,https://socrimea.ru/upload/iblock/f10/c10yycw9g5v2bmfzx1g5su86vb3e1vup.jpg,False,тоник_тоник_с_натуральными_экстрактами_в_составе_которого_содержатся_экстракты_прополиса_пыльцы_и_черного_тмина_с_тимохиноном_,2,https://socrimea.ru/catalog/litso/aktsiya_tonik_s_naturalnymi_ekstraktami_vosstanavlivayushchiy_30_ml_markirovka/,SOC_0086
litso_socrimea_all.json,лицо,46,"Тоник c натуральными экстрактами в составе которого содержатся экстракты прополиса, пыльцы и черного тмина с тимохиноном",лицо,уход,тоник,лицо,30.0,мл,проблемная | зрелая,,возрастные изменения | воспаления | потеря упругости,антивозрастной уход | антиоксидантная защита | очищение | питание | противовоспалительный эффект | расслабление | смягчение | укрепление,прополис | тимохинон | черного тмина,,,0,False,,нанести тоник на кожу при помощи ватного диска,,избегать попадания в глаза,индивидуальная непереносимость компонентов,,"Тоник c натуральными экстрактами в составе которого содержатся экстракты прополиса, пыльцы и черного тмина с тимохиноном. Прополис борется с воспалениями, цветочная пыльца насыщает витаминами, а мощный антиоксидант тимохинон защищает от стрессов и старения. Нежная формула мягко очищает, укрепляет защитный барьер и возвращает коже упругость. Идеально подходит для всех типов кожи.","Тоник c натуральными экстрактами в составе которого содержатся экстракты прополиса, пыльцы и черного тмина с тимохиноном. Прополис борется с воспалениями, цветочная пыльца насыщает витаминами, а мощный антиоксидант тимохинон защищает от стрессов и старения. Нежная формула мягко очищает, укрепляет защитный барьер и возвращает коже упругость. Идеально подходит для всех типов кожи.Способ применения: нанести тоник на кожу при помощи ватного диска. Подходит для ежедневного использования.Меры предосторожности: избегать попадания в глаза.",partial,"проблемы: возрастные изменения, воспаления, потеря упругости; эффекты: антивозрастной уход, антиоксидантная защита, очищение, питание, противовоспалительный эффект, расслабление, смягчение, укрепление; тип кожи: все типы кожи, зрелая","Тоник c натуральными экстрактами в составе которого содержатся экстракты прополиса, пыльцы и черного тмина с тимохиноном | лицо | уход | тоник | проблемная | зрелая | возрастные изменения | воспаления | потеря упругости | антивозрастной уход | антиоксидантная защита | очищение | питание | противовоспалительный эффект | расслабление | смягчение | укрепление | прополис | тимохинон | черного тмина",https://socrimea.ru/catalog/litso/aktsiya_tonik_s_naturalnymi_ekstraktami_vosstanavlivayushchiy_30_ml/,https://socrimea.ru/upload/iblock/f10/c10yycw9g5v2bmfzx1g5su86vb3e1vup.jpg,True,тоник_тоник_с_натуральными_экстрактами_в_составе_которого_содержатся_экстракты_прополиса_пыльцы_и_черного_тмина_с_тимохиноном_30мл,1,,SOC_0087
litso_socrimea_all.json,лицо,57,"Тоник c натуральными экстрактами, в составе которого содержатся экстракты монарды, мирта, чабера и черного тмина с тимохиноном",лицо,уход,тоник,лицо,,,проблемная,,акне | воспаления | жирность,антибактериальный эффект | восстановление | очищение | противовоспалительный эффект | себорегуляция | успокаивающий эффект,тимохинон | черного тмина,,,0,False,,нанести тоник на кожу при помощи ватного диска,,избегать попадания в глаза,индивидуальная непереносимость компонентов,,"Тоник c натуральными экстрактами, в составе которого содержатся экстракты монарды, мирта, чабера и черного тмина с тимохиноном. Тоник создан для проблемной кожи: монарда обеззараживает и снимает красноту, чабер сужает поры и регулирует жирность, а мирт борется с бактериями. Усиленный тимохиноном, он глубинно очищает, успокаивает воспаления и предотвращает новые высыпания. Легкая формула не пересушивает, восстанавливает баланс и дарит коже ощущение свежести.","Тоник c натуральными экстрактами, в составе которого содержатся экстракты монарды, мирта, чабера и черного тмина с тимохиноном. Тоник создан для проблемной кожи: монарда обеззараживает и снимает красноту, чабер сужает поры и регулирует жирность, а мирт борется с бактериями. Усиленный тимохиноном, он глубинно очищает, успокаивает воспаления и предотвращает новые высыпания. Легкая формула не пересушивает, восстанавливает баланс и дарит коже ощущение свежести.Способ применения: нанести тоник на кожу при помощи ватного диска. Подходит для ежедневного использования .Меры предосторожности: избегать попадания в глаза.",partial,"проблемы: акне, воспаления, жирность; эффекты: антибактериальный эффект, восстановление, очищение, противовоспалительный эффект, себорегуляция, успокаивающий эффект; тип кожи: жирная, проблемная; тип волос: жирные","Тоник c натуральными экстрактами, в составе которого содержатся экстракты монарды, мирта, чабера и черного тмина с тимохиноном | лицо | уход | тоник | проблемная | акне | воспаления | жирность | антибактериальный эффект | восстановление | очищение | противовоспалительный эффект | себорегуляция | успокаивающий эффект | тимохинон | черного тмина",https://socrimea.ru/catalog/litso/tonik_s_naturalnymi_ekstraktami_pri_akne_i_vospalenii_kozhi_30_ml_markirovka/,https://socrimea.ru/upload/iblock/b44/dq08zahx2ijscgzhb450ykcvkqmhr7o2.jpg,False,тоник_тоник_с_натуральными_экстрактами_в_составе_которого_содержатся_экстракты_монарды_мирта_чабера_и_черного_тмина_с_тимохиноном_,2,https://socrimea.ru/catalog/litso/aktsiya_tonik_s_naturalnymi_ekstraktami_pri_akne_i_vospalenii_kozhi_30_ml_markirovka/,SOC_0088
litso_socrimea_all.json,лицо,45,"Тоник c натуральными экстрактами, в составе которого содержатся экстракты монарды, мирта, чабера и черного тмина с тимохиноном",лицо,уход,тоник,лицо,30.0,мл,проблемная,,акне | воспаления | жирность,антибактериальный эффект | восстановление | очищение | противовоспалительный эффект | себорегуляция | успокаивающий эффект,тимохинон | черного тмина,,,0,False,,нанести тоник на кожу при помощи ватного диска,,избегать попадания в глаза,индивидуальная непереносимость компонентов,,"Тоник c натуральными экстрактами, в составе которого содержатся экстракты монарды, мирта, чабера и черного тмина с тимохиноном. Тоник создан для проблемной кожи: монарда обеззараживает и снимает красноту, чабер сужает поры и регулирует жирность, а мирт борется с бактериями. Усиленный тимохиноном, он глубинно очищает, успокаивает воспаления и предотвращает новые высыпания. Легкая формула не пересушивает, восстанавливает баланс и дарит коже ощущение свежести.","Тоник c натуральными экстрактами, в составе которого содержатся экстракты монарды, мирта, чабера и черного тмина с тимохиноном. Тоник создан для проблемной кожи: монарда обеззараживает и снимает красноту, чабер сужает поры и регулирует жирность, а мирт борется с бактериями. Усиленный тимохиноном, он глубинно очищает, успокаивает воспаления и предотвращает новые высыпания. Легкая формула не пересушивает, восстанавливает баланс и дарит коже ощущение свежести.Способ применения: нанести тоник на кожу при помощи ватного диска. Подходит для ежедневного использования .Меры предосторожности: избегать попадания в глаза.",partial,"проблемы: акне, воспаления, жирность; эффекты: антибактериальный эффект, восстановление, очищение, противовоспалительный эффект, себорегуляция, успокаивающий эффект; тип кожи: жирная, проблемная; тип волос: жирные","Тоник c натуральными экстрактами, в составе которого содержатся экстракты монарды, мирта, чабера и черного тмина с тимохиноном | лицо | уход | тоник | проблемная | акне | воспаления | жирность | антибактериальный эффект | восстановление | очищение | противовоспалительный эффект | себорегуляция | успокаивающий эффект | тимохинон | черного тмина",https://socrimea.ru/catalog/litso/aktsiya_tonik_s_naturalnymi_ekstraktami_pri_akne_i_vospalenii_kozhi_30_ml/,https://socrimea.ru/upload/iblock/b44/dq08zahx2ijscgzhb450ykcvkqmhr7o2.jpg,True,тоник_тоник_с_натуральными_экстрактами_в_составе_которого_содержатся_экстракты_монарды_мирта_чабера_и_черного_тмина_с_тимохиноном_30мл,1,,SOC_0089
litso_socrimea_all.json,лицо,12,Тоник натуральными экстрактами антибактериальный,лицо,уход,тоник,лицо,,,проблемная,,акне | воспаления | жирность,антибактериальный эффект | очищение | противовоспалительный эффект | расслабление | себорегуляция | смягчение | успокаивающий эффект,тимохинон | черного тмина,,,0,False,,нанести тоник на кожу при помощи ватного диска,,избегать попадания в глаза,индивидуальная непереносимость компонентов,,"Антибактериальный тоник сочетает силу черного тмина, который глубоко очищает, борется с бактериями и успокаивает раздражения, а тимохинон — мощный природный щит против воспалений и окислительного стресса. Формула мягко удаляет загрязнения, сужает поры и предотвращает высыпания, сохраняя кожу матовой и свежей. Идеален для жирной и проблемной кожи.","Антибактериальный тоник сочетает силу черного тмина, который глубоко очищает, борется с бактериями и успокаивает раздражения, а тимохинон — мощный природный щит против воспалений и окислительного стресса. Формула мягко удаляет загрязнения, сужает поры и предотвращает высыпания, сохраняя кожу матовой и свежей. Идеален для жирной и проблемной кожи.Способ применения: нанести тоник на кожу при помощи ватного диска. Подходит для ежедневного использования.Меры предосторожности: избегать попадания в глаза.",partial,"проблемы: акне, воспаления, жирность; эффекты: антибактериальный эффект, очищение, противовоспалительный эффект, расслабление, себорегуляция, смягчение, успокаивающий эффект; тип кожи: жирная, проблемная, чувствительная; тип волос: жирные",Тоник натуральными экстрактами антибактериальный | лицо | уход | тоник | проблемная | акне | воспаления | жирность | антибактериальный эффект | очищение | противовоспалительный эффект | расслабление | себорегуляция | смягчение | успокаивающий эффект | тимохинон | черного тмина,https://socrimea.ru/catalog/litso/tonik_s_naturalnymi_ekstraktami_antibakterialnyy_30_ml_markirovka/,https://socrimea.ru/upload/iblock/059/wcwk16ud6kvmx4iy8kqeaw9l1f67ni0z.jpg,False,тоник_тоник_натуральными_экстрактами_антибактериальный_,2,https://socrimea.ru/catalog/litso/aktsiya_tonik_s_naturalnymi_ekstraktami_antibakterialnyy_30_ml_markirovka/,SOC_0090
litso_socrimea_all.json,лицо,41,Тоник натуральными экстрактами антибактериальный,лицо,уход,тоник,лицо,30.0,мл,проблемная,,акне | воспаления | жирность,антибактериальный эффект | очищение | противовоспалительный эффект | расслабление | себорегуляция | смягчение | успокаивающий эффект,тимохинон | черного тмина,,,0,False,,нанести тоник на кожу при помощи ватного диска,,избегать попадания в глаза,индивидуальная непереносимость компонентов,,"Антибактериальный тоник сочетает силу черного тмина, который глубоко очищает, борется с бактериями и успокаивает раздражения, а тимохинон — мощный природный щит против воспалений и окислительного стресса. Формула мягко удаляет загрязнения, сужает поры и предотвращает высыпания, сохраняя кожу матовой и свежей. Идеален для жирной и проблемной кожи.","Антибактериальный тоник сочетает силу черного тмина, который глубоко очищает, борется с бактериями и успокаивает раздражения, а тимохинон — мощный природный щит против воспалений и окислительного стресса. Формула мягко удаляет загрязнения, сужает поры и предотвращает высыпания, сохраняя кожу матовой и свежей. Идеален для жирной и проблемной кожи.Способ применения: нанести тоник на кожу при помощи ватного диска. Подходит для ежедневного использования.Меры предосторожности: избегать попадания в глаза.",partial,"проблемы: акне, воспаления, жирность; эффекты: антибактериальный эффект, очищение, противовоспалительный эффект, расслабление, себорегуляция, смягчение, успокаивающий эффект; тип кожи: жирная, проблемная, чувствительная; тип волос: жирные",Тоник натуральными экстрактами антибактериальный | лицо | уход | тоник | проблемная | акне | воспаления | жирность | антибактериальный эффект | очищение | противовоспалительный эффект | расслабление | себорегуляция | смягчение | успокаивающий эффект | тимохинон | черного тмина,https://socrimea.ru/catalog/litso/aktsiya_tonik_s_naturalnymi_ekstraktami_antibakterialnyy_30_ml/,https://socrimea.ru/upload/iblock/059/wcwk16ud6kvmx4iy8kqeaw9l1f67ni0z.jpg,True,тоник_тоник_натуральными_экстрактами_антибактериальный_30мл,1,,SOC_0091
litso_socrimea_all.json,лицо,11,Тоник натуральными экстрактами антиоксидантная защита,лицо,уход,тоник,лицо,,,проблемная | зрелая,,возрастные изменения | воспаления | потеря упругости,антивозрастной уход | антиоксидантная защита | блеск | противовоспалительный эффект | увлажнение | успокаивающий эффект,тимохинон | черного тмина,,,0,False,,нанести тоник на кожу при помощи ватного диска,,избегать попадания в глаза,индивидуальная непереносимость компонентов,,"Тоник c натуральными экстрактами, в составе которого содержатся экстракты розмарина, шалфея, виноградной косточки и черного тмина с тимохиноном. Розмарин борется с воспалениями и стимулирует обновление, шалфей успокаивает и сужает поры, а экстракт виноградной косточки и тимохинон создают двойную защиту от свободных радикалов и ранних признаков старения. Формула интенсивно увлажняет, выравнивает тон и придает сияние, сохраняя кожу упругой и свежей. Идеально подходит для ежедневного ухода за любым типом кожи.","Тоник c натуральными экстрактами, в составе которого содержатся экстракты розмарина, шалфея, виноградной косточки и черного тмина с тимохиноном. Розмарин борется с воспалениями и стимулирует обновление, шалфей успокаивает и сужает поры, а экстракт виноградной косточки и тимохинон создают двойную защиту от свободных радикалов и ранних признаков старения. Формула интенсивно увлажняет, выравнивает тон и придает сияние, сохраняя кожу упругой и свежей. Идеально подходит для ежедневного ухода за любым типом кожи.Способ применения: нанести тоник на кожу при помощи ватного диска. Подходит для ежедневного использования.Меры предосторожности: избегать попадания в глаза.",partial,"проблемы: возрастные изменения, воспаления, потеря упругости; эффекты: антивозрастной уход, антиоксидантная защита, блеск, противовоспалительный эффект, увлажнение, успокаивающий эффект; тип кожи: все типы кожи, зрелая",Тоник натуральными экстрактами антиоксидантная защита | лицо | уход | тоник | проблемная | зрелая | возрастные изменения | воспаления | потеря упругости | антивозрастной уход | антиоксидантная защита | блеск | противовоспалительный эффект | увлажнение | успокаивающий эффект | тимохинон | черного тмина,https://socrimea.ru/catalog/litso/tonik_s_naturalnymi_ekstraktami_antioksidantnaya_zashchita_30_ml_markirovka/,https://socrimea.ru/upload/iblock/bb1/aq3wz34wibbnazces1cjrvctr2najh1b.jpg,False,тоник_тоник_натуральными_экстрактами_антиоксидантная_защита_,2,https://socrimea.ru/catalog/litso/aktsiya_tonik_s_naturalnymi_ekstraktami_antioksidantnaya_zashchita_30_ml_markirovka/,SOC_0092
litso_socrimea_all.json,лицо,47,Тоник натуральными экстрактами антиоксидантная защита,лицо,уход,тоник,лицо,30.0,мл,проблемная | зрелая,,возрастные изменения | воспаления | потеря упругости,антивозрастной уход | антиоксидантная защита | блеск | противовоспалительный эффект | увлажнение | успокаивающий эффект,тимохинон | черного тмина,,,0,False,,нанести тоник на кожу при помощи ватного диска,,избегать попадания в глаза,индивидуальная непереносимость компонентов,,"Тоник c натуральными экстрактами, в составе которого содержатся экстракты розмарина, шалфея, виноградной косточки и черного тмина с тимохиноном. Розмарин борется с воспалениями и стимулирует обновление, шалфей успокаивает и сужает поры, а экстракт виноградной косточки и тимохинон создают двойную защиту от свободных радикалов и ранних признаков старения. Формула интенсивно увлажняет, выравнивает тон и придает сияние, сохраняя кожу упругой и свежей. Идеально подходит для ежедневного ухода за любым типом кожи.","Тоник c натуральными экстрактами, в составе которого содержатся экстракты розмарина, шалфея, виноградной косточки и черного тмина с тимохиноном. Розмарин борется с воспалениями и стимулирует обновление, шалфей успокаивает и сужает поры, а экстракт виноградной косточки и тимохинон создают двойную защиту от свободных радикалов и ранних признаков старения. Формула интенсивно увлажняет, выравнивает тон и придает сияние, сохраняя кожу упругой и свежей. Идеально подходит для ежедневного ухода за любым типом кожи.Способ применения: нанести тоник на кожу при помощи ватного диска. Подходит для ежедневного использования.Меры предосторожности: избегать попадания в глаза.",partial,"проблемы: возрастные изменения, воспаления, потеря упругости; эффекты: антивозрастной уход, антиоксидантная защита, блеск, противовоспалительный эффект, увлажнение, успокаивающий эффект; тип кожи: все типы кожи, зрелая",Тоник натуральными экстрактами антиоксидантная защита | лицо | уход | тоник | проблемная | зрелая | возрастные изменения | воспаления | потеря упругости | антивозрастной уход | антиоксидантная защита | блеск | противовоспалительный эффект | увлажнение | успокаивающий эффект | тимохинон | черного тмина,https://socrimea.ru/catalog/litso/aktsiya_tonik_s_naturalnymi_ekstraktami_antioksidantnaya_zashchita_30_ml/,https://socrimea.ru/upload/iblock/bb1/aq3wz34wibbnazces1cjrvctr2najh1b.jpg,True,тоник_тоник_натуральными_экстрактами_антиоксидантная_защита_30мл,1,,SOC_0093
hair_all.json,волосы,3,Тоник с натуральными экстрактами При проблемной коже головы 30 мл,волосы,уход,тоник,волосы | кожа головы,30.0,мл,чувствительная | проблемная | жирная,,воспаления | жирность | зуд | перхоть | чувствительность | шелушение,антибактериальный эффект | восстановление | очищение | противовоспалительный эффект | себорегуляция | укрепление | успокаивающий эффект,тимохинон,,,0,False,,нанести тоник распылением на кожу голову,,избегать попадания в глаза,индивидуальная непереносимость компонентов,,"Тоник борется с зудом, перхотью и воспалениями: корень лопуха укрепляет волосяные луковицы и регулирует жирность, календула успокаивает раздражения, а тимохинон нейтрализует бактерии и восстанавливает баланс. Формула бережно очищает, снимает покраснения и предотвращает шелушение, даря коже ощущение свежести, а волосам — легкость. Идеален для жирной и чувствительной кожи головы.","Тоник борется с зудом, перхотью и воспалениями: корень лопуха укрепляет волосяные луковицы и регулирует жирность, календула успокаивает раздражения, а тимохинон нейтрализует бактерии и восстанавливает баланс. Формула бережно очищает, снимает покраснения и предотвращает шелушение, даря коже ощущение свежести, а волосам — легкость. Идеален для жирной и чувствительной кожи головы.Способ применения: нанести тоник распылением на кожу голову. Подходит для ежедневного использования.Меры предосторожности: избегать попадания в глаза.",partial,"проблемы: воспаления, жирность, зуд, перхоть, чувствительность, шелушение; эффекты: антибактериальный эффект, восстановление, очищение, противовоспалительный эффект, себорегуляция, укрепление, успокаивающий эффект; тип кожи: жирная, проблемная, чувствительная; тип волос: жирные",Тоник с натуральными экстрактами При проблемной коже головы 30 мл | волосы | уход | тоник | кожа головы | чувствительная | проблемная | жирная | воспаления | жирность | зуд | перхоть | чувствительность | шелушение | антибактериальный эффект | восстановление | очищение | противовоспалительный эффект | себорегуляция | укрепление | успокаивающий эффект | тимохинон,https://socrimea.ru/catalog/volosy/ukhod/tonik_s_naturalnymi_ekstraktami_pri_problemnoy_kozhe_golovy_30_ml_markirovka/,https://socrimea.ru/upload/iblock/d43/0sm57jl5r9pqoyo4kqqpo9wd4zz03e8x.jpg,False,тоник_тоник_с_натуральными_экстрактами_при_проблемной_коже_головы_30_мл_30мл,3,https://socrimea.ru/catalog/volosy/ukhod/aktsiya_tonik_s_naturalnymi_ekstraktami_pri_problemnoy_kozhe_golovy_30_ml/ | https://socrimea.ru/catalog/volosy/ukhod/aktsiya_tonik_s_naturalnymi_ekstraktami_pri_problemnoy_kozhe_golovy_30_ml_markirovka/,SOC_0094
telo_all.json,тело,94,Гель для душа натуральный маслом глицинии,тело,очищение,гель для душа,тело,,,,,,очищение | питание | смягчение,масло глицинии,,,0,False,,,,,индивидуальная непереносимость компонентов,,"Гель для душа натуральный с маслом Глицинии 350 млНаше собственное производство масло глицинии позволяет нам создавать уникальный состав и продукт без содержания силиконов и парабенов. Гель для душа идеально подходит для всех типов кожи. Он деликатно очищает, питает и смягчает кожу, нормализует ее естественный уровень рН. Нежный женственный аромат глицинии дарит хорошее настроение и вдохновляет.","Гель для душа натуральный с маслом Глицинии 350 млНаше собственное производство масло глицинии позволяет нам создавать уникальный состав и продукт без содержания силиконов и парабенов. Гель для душа идеально подходит для всех типов кожи. Он деликатно очищает, питает и смягчает кожу, нормализует ее естественный уровень рН. Нежный женственный аромат глицинии дарит хорошее настроение и вдохновляет.",partial,"эффекты: очищение, питание, смягчение; тип кожи: все типы кожи",Гель для душа натуральный маслом глицинии | тело | очищение | гель для душа | питание | смягчение | масло глицинии,https://socrimea.ru/catalog/telo/gel_dlya_dusha_naturalnyy_s_maslom_glitsinii_350_ml_markirovka/,https://socrimea.ru/upload/iblock/ab6/8dy6j8utsd7kvg2ia2b1df0f4zpp6k99.png,False,гель для душа_гель_для_душа_натуральный_маслом_глицинии_,1,,SOC_0095
telo_all.json,тело,37,Гель для душа натуральный маслом глицинии тимохиноном,тело,очищение,гель для душа,тело,,,,,,очищение | питание | смягчение,масло глицинии,,,0,False,,,,,индивидуальная непереносимость компонентов,,"Гель для душа натуральный с маслом Глицинии 350 млНаше собственное производство масло глицинии позволяет нам создавать уникальный состав и продукт без содержания силиконов и парабенов. Гель для душа идеально подходит для всех типов кожи. Он деликатно очищает, питает и смягчает кожу, нормализует ее естественный уровень рН. Нежный женственный аромат глицинии дарит хорошее настроение и вдохновляет.","Гель для душа натуральный с маслом Глицинии 350 млНаше собственное производство масло глицинии позволяет нам создавать уникальный состав и продукт без содержания силиконов и парабенов. Гель для душа идеально подходит для всех типов кожи. Он деликатно очищает, питает и смягчает кожу, нормализует ее естественный уровень рН. Нежный женственный аромат глицинии дарит хорошее настроение и вдохновляет.",partial,"эффекты: очищение, питание, смягчение; тип кожи: все типы кожи",Гель для душа натуральный маслом глицинии тимохиноном | тело | очищение | гель для душа | питание | смягчение | масло глицинии,https://socrimea.ru/catalog/telo/ochishchenie_3/gel_dlya_dusha_naturalnyy_s_maslom_glitsinii_s_timokhinonom_350_ml_markirovka_1/,https://socrimea.ru/upload/iblock/ab6/8dy6j8utsd7kvg2ia2b1df0f4zpp6k99.png,False,гель для душа_гель_для_душа_натуральный_маслом_глицинии_тимохиноном_,1,,SOC_0096
telo_all.json,тело,47,Гель для душа натуральный маслом иссопа тимохиноном,тело,очищение,гель для душа,тело,,,,,,антибактериальный эффект | расслабление | успокаивающий эффект,,,,0,False,,,,,индивидуальная непереносимость компонентов,,"Гель для душа натуральный с маслом Иссопа 350 млНаше собственное производство гидролата и масла иссопа позволяет нам создавать уникальный состав и продукт без содержания силиконов и парабенов. Гель для душа идеально подходит для чувсвительной кожи. Он обладает успокаивающими, бактерицидными свойствами, борется с несовершенствами и нормализует естественный баланс кожи. Пряный аромат иссопа повышает настроение и расслабляет.","Гель для душа натуральный с маслом Иссопа 350 млНаше собственное производство гидролата и масла иссопа позволяет нам создавать уникальный состав и продукт без содержания силиконов и парабенов. Гель для душа идеально подходит для чувсвительной кожи. Он обладает успокаивающими, бактерицидными свойствами, борется с несовершенствами и нормализует естественный баланс кожи. Пряный аромат иссопа повышает настроение и расслабляет.",partial,"эффекты: антибактериальный эффект, расслабление, успокаивающий эффект",Гель для душа натуральный маслом иссопа тимохиноном | тело | очищение | гель для душа | антибактериальный эффект | расслабление | успокаивающий эффект,https://socrimea.ru/catalog/telo/ochishchenie_3/gel_dlya_dusha_naturalnyy_s_maslom_issopa_s_timokhinonom_350_ml_markirovka/,https://socrimea.ru/upload/iblock/d4b/vea00d2rjrwukn1k71r7vt0i50ck2uio.png,False,гель для душа_гель_для_душа_натуральный_маслом_иссопа_тимохиноном_,1,,SOC_0097
telo_all.json,тело,46,Гель для душа натуральный маслом лаванды тимохиноном,тело,очищение,гель для душа,тело,,,чувствительная,,чувствительность,восстановление | очищение | питание | расслабление | увлажнение | успокаивающий эффект,,,,0,False,,,,,индивидуальная непереносимость компонентов,,"Гель для душа натуральный с маслом Лаванды 350 млНаше собственное производство гидролата и масла лаванды позволяет нам создавать уникальный состав и продукт без содержания силиконов и парабенов. Гель для душа обладает уникальными регенерирующими и успокаивающими свойствами. Он прекрасно увлажняет, питает и идеально подходит для очищения самой чувствительной и нежной кожи. Аромат лаванды приятно расслабляет и дарит ощущение абсолютной чистоты и свежести.","Гель для душа натуральный с маслом Лаванды 350 млНаше собственное производство гидролата и масла лаванды позволяет нам создавать уникальный состав и продукт без содержания силиконов и парабенов. Гель для душа обладает уникальными регенерирующими и успокаивающими свойствами. Он прекрасно увлажняет, питает и идеально подходит для очищения самой чувствительной и нежной кожи. Аромат лаванды приятно расслабляет и дарит ощущение абсолютной чистоты и свежести.",partial,"проблемы: чувствительность; эффекты: восстановление, очищение, питание, расслабление, увлажнение, успокаивающий эффект; тип кожи: чувствительная",Гель для душа натуральный маслом лаванды тимохиноном | тело | очищение | гель для душа | чувствительная | чувствительность | восстановление | питание | расслабление | увлажнение | успокаивающий эффект,https://socrimea.ru/catalog/telo/ochishchenie_3/gel_dlya_dusha_naturalnyy_s_maslom_lavandy_s_timokhinonom_350_ml_markirovka/,https://socrimea.ru/upload/iblock/84f/qj0e7xvjl3p6k7mnu4ohzgu441ey8sym.jpg,False,гель для душа_гель_для_душа_натуральный_маслом_лаванды_тимохиноном_,1,,SOC_0098
telo_all.json,тело,65,Гель для душа натуральный маслом розмарина,тело,очищение,гель для душа,тело,,,,,возрастные изменения | воспаления,антивозрастной уход | антиоксидантная защита | расслабление | тонизирование | успокаивающий эффект,,,,0,False,,,,,индивидуальная непереносимость компонентов,,"Гель для душа натуральный с маслом Розмарина 350 млНаше собственное производство гидролата и масла розмарина позволяет нам создавать уникальный состав и продукт без содержания силиконов и парабенов. Гель для душа идеально подходит для всех типов кожи и возрастов. Он снимает раздражения, обладает антиоксидантными и омолаживающими свойствами, тонизирует при утомлении и усталости. Его яркий хвойно-пряный аромат повышает настроение и заряжает энергией.","Гель для душа натуральный с маслом Розмарина 350 млНаше собственное производство гидролата и масла розмарина позволяет нам создавать уникальный состав и продукт без содержания силиконов и парабенов. Гель для душа идеально подходит для всех типов кожи и возрастов. Он снимает раздражения, обладает антиоксидантными и омолаживающими свойствами, тонизирует при утомлении и усталости. Его яркий хвойно-пряный аромат повышает настроение и заряжает энергией.",partial,"проблемы: возрастные изменения, воспаления; эффекты: антивозрастной уход, антиоксидантная защита, расслабление, тонизирование, успокаивающий эффект; тип кожи: все типы кожи, чувствительная",Гель для душа натуральный маслом розмарина | тело | очищение | гель для душа | возрастные изменения | воспаления | антивозрастной уход | антиоксидантная защита | расслабление | тонизирование | успокаивающий эффект,https://socrimea.ru/catalog/telo/gel_dlya_dusha_naturalnyy_s_maslom_rozmarina_350_ml_markirovka/,https://socrimea.ru/upload/iblock/cfb/d6aip3uqv833iec3c5bu6lk0yt509ir0.png,False,гель для душа_гель_для_душа_натуральный_маслом_розмарина_,1,,SOC_0099
telo_all.json,тело,45,Гель для душа натуральный маслом розмарина тимохиноном,тело,очищение,гель для душа,тело,,,,,возрастные изменения | воспаления,антивозрастной уход | антиоксидантная защита | расслабление | тонизирование | успокаивающий эффект,,,,0,False,,,,,индивидуальная непереносимость компонентов,,"Гель для душа натуральный с маслом Розмарина 350 млНаше собственное производство гидролата и масла розмарина позволяет нам создавать уникальный состав и продукт без содержания силиконов и парабенов. Гель для душа идеально подходит для всех типов кожи и возрастов. Он снимает раздражения, обладает антиоксидантными и омолаживающими свойствами, тонизирует при утомлении и усталости. Его яркий хвойно-пряный аромат повышает настроение и заряжает энергией.","Гель для душа натуральный с маслом Розмарина 350 млНаше собственное производство гидролата и масла розмарина позволяет нам создавать уникальный состав и продукт без содержания силиконов и парабенов. Гель для душа идеально подходит для всех типов кожи и возрастов. Он снимает раздражения, обладает антиоксидантными и омолаживающими свойствами, тонизирует при утомлении и усталости. Его яркий хвойно-пряный аромат повышает настроение и заряжает энергией.",partial,"проблемы: возрастные изменения, воспаления; эффекты: антивозрастной уход, антиоксидантная защита, расслабление, тонизирование, успокаивающий эффект; тип кожи: все типы кожи, чувствительная",Гель для душа натуральный маслом розмарина тимохиноном | тело | очищение | гель для душа | возрастные изменения | воспаления | антивозрастной уход | антиоксидантная защита | расслабление | тонизирование | успокаивающий эффект,https://socrimea.ru/catalog/telo/ochishchenie_3/gel_dlya_dusha_naturalnyy_s_maslom_rozmarina_s_timokhinonom_350_ml_markirovka/,https://socrimea.ru/upload/iblock/cfb/d6aip3uqv833iec3c5bu6lk0yt509ir0.png,False,гель для душа_гель_для_душа_натуральный_маслом_розмарина_тимохиноном_,1,,SOC_0100
telo_all.json,тело,93,Гель для душа натуральный маслом розы,тело,очищение,гель для душа,тело,,,чувствительная,,сухость | чувствительность,восстановление | очищение | расслабление | смягчение | увлажнение,,,,0,False,,,,,индивидуальная непереносимость компонентов,,"Гель для душа натуральный с маслом РозыНаше собственное производство гидролата и масла розы позволяет нам создавать уникальный состав и продукт без содержание силиконов м парабенов. Гель для душа идеально подходит для сухой и чувствительно кожи, он мягко очищает, смягчает кожу и восстанавливает ее естественный гидролипидный баланс, кожа становится мягкой и бархатистой. Нежный аромат розы подарит долгожданое расслабление, ощущения свежести, чистоты и гармонии.","Гель для душа натуральный с маслом РозыНаше собственное производство гидролата и масла розы позволяет нам создавать уникальный состав и продукт без содержание силиконов м парабенов. Гель для душа идеально подходит для сухой и чувствительно кожи, он мягко очищает, смягчает кожу и восстанавливает ее естественный гидролипидный баланс, кожа становится мягкой и бархатистой. Нежный аромат розы подарит долгожданое расслабление, ощущения свежести, чистоты и гармонии.",partial,"проблемы: сухость, чувствительность; эффекты: восстановление, очищение, расслабление, смягчение, увлажнение; тип кожи: сухая, чувствительная; тип волос: сухие",Гель для душа натуральный маслом розы | тело | очищение | гель для душа | чувствительная | сухость | чувствительность | восстановление | расслабление | смягчение | увлажнение,https://socrimea.ru/catalog/telo/gel_dlya_dusha_naturalnyy_s_maslom_rozy_100_ml_markirovka/,https://socrimea.ru/upload/iblock/60b/guc7i5vfgm2ii3c7lzllt91bl60njryb.png,False,гель для душа_гель_для_душа_натуральный_маслом_розы_,2,https://socrimea.ru/catalog/telo/gel_dlya_dusha_naturalnyy_s_maslom_rozy_350_ml_markirovka/,SOC_0101
telo_all.json,тело,35,Гель для душа натуральный маслом розы тимохиноном,тело,очищение,гель для душа,тело,,,чувствительная,,сухость | чувствительность,восстановление | очищение | расслабление | смягчение | увлажнение,,,,0,False,,,,,индивидуальная непереносимость компонентов,,"Гель для душа натуральный с маслом РозыНаше собственное производство гидролата и масла розы позволяет нам создавать уникальный состав и продукт без содержание силиконов м парабенов. Гель для душа идеально подходит для сухой и чувствительно кожи, он мягко очищает, смягчает кожу и восстанавливает ее естественный гидролипидный баланс, кожа становится мягкой и бархатистой. Нежный аромат розы подарит долгожданое расслабление, ощущения свежести, чистоты и гармонии.","Гель для душа натуральный с маслом РозыНаше собственное производство гидролата и масла розы позволяет нам создавать уникальный состав и продукт без содержание силиконов м парабенов. Гель для душа идеально подходит для сухой и чувствительно кожи, он мягко очищает, смягчает кожу и восстанавливает ее естественный гидролипидный баланс, кожа становится мягкой и бархатистой. Нежный аромат розы подарит долгожданое расслабление, ощущения свежести, чистоты и гармонии.",partial,"проблемы: сухость, чувствительность; эффекты: восстановление, очищение, расслабление, смягчение, увлажнение; тип кожи: сухая, чувствительная; тип волос: сухие",Гель для душа натуральный маслом розы тимохиноном | тело | очищение | гель для душа | чувствительная | сухость | чувствительность | восстановление | расслабление | смягчение | увлажнение,https://socrimea.ru/catalog/telo/ochishchenie_3/gel_dlya_dusha_naturalnyy_s_maslom_rozy_s_timokhinonom_350_ml_markirovka/,https://socrimea.ru/upload/iblock/439/j1hvd9fhyageu10kh0qgcrr1k2snunss.png,False,гель для душа_гель_для_душа_натуральный_маслом_розы_тимохиноном_,2,https://socrimea.ru/catalog/telo/ochishchenie_3/gel_dlya_dusha_naturalnyy_s_maslom_rozy_s_timokhinonom_100_ml_markirovka/,SOC_0102
telo_all.json,тело,44,Гель для душа натуральный маслом шалфея тимохиноном,тело,очищение,гель для душа,тело,,,,,возрастные изменения | воспаления,антивозрастной уход | антиоксидантная защита | расслабление | тонизирование | успокаивающий эффект,,,,0,False,,,,,индивидуальная непереносимость компонентов,,"Гель для душа натуральный с маслом Шалфея 350 млНаше собственное производство гидролата и масла шалфея позволяетт на создавать уникальный состав и продукт без содержания силиконов и парабенов. Гель для душа идеально подходит для всех типов кожи. Он снимает раздражения, обладает антиоксидантными и омолаживающими свойствами, тонизирует. Его травянистый аромат успокаивает, снимает усталость и поднимает настроение.","Гель для душа натуральный с маслом Шалфея 350 млНаше собственное производство гидролата и масла шалфея позволяетт на создавать уникальный состав и продукт без содержания силиконов и парабенов. Гель для душа идеально подходит для всех типов кожи. Он снимает раздражения, обладает антиоксидантными и омолаживающими свойствами, тонизирует. Его травянистый аромат успокаивает, снимает усталость и поднимает настроение.",partial,"проблемы: возрастные изменения, воспаления; эффекты: антивозрастной уход, антиоксидантная защита, расслабление, тонизирование, успокаивающий эффект; тип кожи: все типы кожи, чувствительная",Гель для душа натуральный маслом шалфея тимохиноном | тело | очищение | гель для душа | возрастные изменения | воспаления | антивозрастной уход | антиоксидантная защита | расслабление | тонизирование | успокаивающий эффект,https://socrimea.ru/catalog/telo/ochishchenie_3/gel_dlya_dusha_naturalnyy_s_maslom_shalfeya_s_timokhinonom_350_ml_markirovka/,https://socrimea.ru/upload/iblock/1b7/dommxm1vaz5cpihztgocfpk47jhlxmke.png,False,гель для душа_гель_для_душа_натуральный_маслом_шалфея_тимохиноном_,1,,SOC_0103
hair_all.json,волосы,5,Гель для душа при дерматите и псориазе 200 мл,тело,очищение,гель для душа,тело,200.0,мл,сухая,,воспаления | дерматит | псориаз | сухость,антибактериальный эффект | восстановление | очищение | противовоспалительный эффект | смягчение | увлажнение | эксфолиация,бетаин | бисаболол | глицерин | карбамид | лимонная кислота | масло розмарина | мочевина | пантенол | прополис | салициловая кислота | тимохинон | цинк pca | черного тмина | экстракт бархатцев | экстракт мирта | экстракт монарды | экстракт прополиса | экстракт розмарина | экстракт черного тмина | эфирное масло розмарина,"вода очищенная, натрия лауретсульфат, натрия лаурилсульфат, кокамидопропилбетаин, мочевина (карбамид), метилсульфонилметан, полисорбат-80, кокамид ДЭА, салициловая кислота, хлорид натрия, пантенол, бикарбонат натрия, бензоат натрия, глицерин, цинк PCA, экстракт черного тмина с тимохиноном, эфирное масло розмарина, трилон Б, бисаболол, экстракт мирта, экстракт прополиса, экстракт розмарина, экстракт монарды лимонной, лимонная кислота, экстракт виноградной косточки, экстракт бархатцев",вода очищенная | натрия лауретсульфат | натрия лаурилсульфат | кокамидопропилбетаин | мочевина (карбамид) | метилсульфонилметан | полисорбат-80 | кокамид ДЭА | салициловая кислота | хлорид натрия | пантенол | бикарбонат натрия | бензоат натрия | глицерин | цинк PCA | экстракт черного тмина с тимохиноном | эфирное масло розмарина | трилон Б | бисаболол | экстракт мирта | экстракт прополиса | экстракт розмарина | экстракт монарды лимонной | лимонная кислота | экстракт виноградной косточки | экстракт бархатцев,26,True,натрия лауретсульфат | натрия лаурилсульфат | прополис | салициловая кислота | экстракт прополиса | эфирное масло розмарина,"возьмите небольшое количество геля на ладонь или мочалку и нанесите на влажную кожу круговыми массирующими движениями, равномерно распределите гель по телу, уделяя особое внимание проблемным участкам кожи, пораженным псориазом или дерматитом, через 1–2 минуты тщательно смойте гель теплой водой до полного удаления остатков моющего средства",,"избегать попадания в глаза, при попадании в глаза, немедленно промыть водой, не используйте продукт при наличии открытых ран, воспалений или раздражений на коже головы",индивидуальная непереносимость компонентов,"плотно закрытым при температуре от +5°С до +25°С, избегать попадания прямых солнечных лучей","Гель для душа с натуральными экстрактами при псориазе и дерматите с тимохинономОщутите нежную заботу природы с нашим уникальным гелем для душа, разработанным специально для облегчения симптомов псориаза и дерматита. Формула основана на богатых природных компонентах: ароматных эфирных маслах, экстрактах целебных трав и тимохиноне — эффективном средстве, оказывающем антибактериальное, противовоспалительное и регенеративное воздействие на вашу кожу.Гель бережно очищает тело, смягчает и увлажняет эпидермис, снимает неприятные ощущения сухости, стянутости и раздражения. Ваша кожа приобретает здоровый вид, становится гладкой и бархатистой.","Гель для душа с натуральными экстрактами при псориазе и дерматите с тимохинономОщутите нежную заботу природы с нашим уникальным гелем для душа, разработанным специально для облегчения симптомов псориаза и дерматита. Формула основана на богатых природных компонентах: ароматных эфирных маслах, экстрактах целебных трав и тимохиноне — эффективном средстве, оказывающем антибактериальное, противовоспалительное и регенеративное воздействие на вашу кожу.Гель бережно очищает тело, смягчает и увлажняет эпидермис, снимает неприятные ощущения сухости, стянутости и раздражения. Ваша кожа приобретает здоровый вид, становится гладкой и бархатистой.Состав: вода очищенная, натрия лауретсульфат, натрия лаурилсульфат, кокамидопропилбетаин, мочевина (карбамид), метилсульфонилметан, полисорбат-80, кокамид ДЭА, салициловая кислота, хлорид натрия, пантенол, бикарбонат натрия, бензоат натрия, глицерин, цинк PCA, экстракт черного тмина с тимохиноном, эфирное масло розмарина, трилон Б, бисаболол, экстракт мирта, экстракт прополиса, экстракт розмарина, экстракт монарды лимонной, лимонная кислота, экстракт виноградной косточки, экстракт бархатцев.Способ применения: возьмите небольшое количество геля на ладонь или мочалку и нанесите на влажную кожу круговыми массирующими движениями, равномерно распределите гель по телу, уделяя особое внимание проблемным участкам кожи, пораженным псориазом или дерматитом, через 1–2 минуты тщательно смойте гель теплой водой до полного удаления остатков моющего средства.Меры предосторожности: избегать попадания в глаза, при попадании в глаза, немедленно промыть водой, не используйте продукт при наличии открытых ран, воспалений или раздражений на коже головы.Противопоказания: индивидуальная непереносимость компонентовУсловия хранения: плотно закрытым при температуре от +5°С до +25°С, избегать попадания прямых солнечных лучей.",good,"проблемы: воспаления, дерматит, псориаз, сухость; эффекты: антибактериальный эффект, восстановление, очищение, противовоспалительный эффект, смягчение, увлажнение, эксфолиация; тип кожи: сухая, чувствительная; тип волос: сухие",Гель для душа при дерматите и псориазе 200 мл | тело | очищение | гель для душа | сухая | воспаления | дерматит | псориаз | сухость | антибактериальный эффект | восстановление | противовоспалительный эффект | смягчение | увлажнение | эксфолиация | бетаин | бисаболол | глицерин | карбамид | лимонная кислота | масло розмарина | мочевина | пантенол | прополис | салициловая кислота | тимохинон | цинк pca | черного тмина | экстракт бархатцев | экстракт мирта | экстракт монарды | экстракт прополиса | экстракт розмарина | экстракт черного тмина | эфирное масло розмарина,https://socrimea.ru/catalog/volosy/gel_dlya_dusha_pri_dermatite_i_psoriaze_200_ml_markirovka/,https://socrimea.ru/upload/iblock/ea3/7u9ibe6dme0guihjxahuwr1j9fiqpy6v.jpg,False,гель для душа_гель_для_душа_при_дерматите_и_псориазе_200_мл_200мл,3,https://socrimea.ru/catalog/volosy/ochishchenie/aktsiya_gel_dlya_dusha_pri_dermatite_i_psoriaze_200_ml/ | https://socrimea.ru/catalog/volosy/ochishchenie/aktsiya_gel_dlya_dusha_pri_dermatite_i_psoriaze_200_ml_markirovka/,SOC_0104
telo_all.json,тело,90,"Гель для душа, обагащенный гидролатом розы, эфирными маслами розы и сандала бережно очищает кожу и дарит ощущение свежести",тело,очищение,гель для душа,тело,,,,,,восстановление | очищение | расслабление | тонизирование,бетаин | гидролат розы | лимонная кислота | масло розы,"гидролат розы, вода очищенная, натрия кокосульфат*, кокоглюкозид*, кокамидопропилбетаин*, кокамид ДЭА, поликватериниум-7, лимонная кислота, метилхлороизотиазолинон, метилизотиазолинон, парфюмерная композиция* - получены из натурального сырья",гидролат розы | вода очищенная | натрия кокосульфат* | кокоглюкозид* | кокамидопропилбетаин* | кокамид ДЭА | поликватериниум-7 | лимонная кислота | метилхлороизотиазолинон | метилизотиазолинон | парфюмерная композиция* - получены из натурального сырья,11,True,парфюмерная композиция,,,,индивидуальная непереносимость компонентов,,"Гель для душа, обагащенный гидролатом розы, эфирными маслами розы и сандала бережно очищает кожу и дарит ощущение свежести. Изысканный аромат наполняет душу гармонией. Эфирное масло сандала повышает тонус кожи, обладает расслабляющим действием. Гидролат и эфирное масло розы обладают регенерирующим, освежающим, освежающим и тонизирующим эфектом.","Гель для душа, обагащенный гидролатом розы, эфирными маслами розы и сандала бережно очищает кожу и дарит ощущение свежести. Изысканный аромат наполняет душу гармонией. Эфирное масло сандала повышает тонус кожи, обладает расслабляющим действием. Гидролат и эфирное масло розы обладают регенерирующим, освежающим, освежающим и тонизирующим эфектом.Состав: гидролат розы, вода очищенная, натрия кокосульфат*, кокоглюкозид*, кокамидопропилбетаин*, кокамид ДЭА, поликватериниум-7, лимонная кислота, метилхлороизотиазолинон, метилизотиазолинон, парфюмерная композиция* - получены из натурального сырья",good,"эффекты: восстановление, очищение, расслабление, тонизирование","Гель для душа, обагащенный гидролатом розы, эфирными маслами розы и сандала бережно очищает кожу и дарит ощущение свежести | тело | очищение | гель для душа | восстановление | расслабление | тонизирование | бетаин | гидролат розы | лимонная кислота | масло розы",https://socrimea.ru/catalog/telo/gel_dlya_dusha_roza_250_ml_markirovka/,https://socrimea.ru/upload/iblock/e52/gacpbjjt11tipp2rjtm66e3n849tk7l8.jpg,False,гель для душа_гель_для_душа_обагащенный_гидролатом_розы_эфирными_маслами_розы_и_сандала_бережно_очищает_кожу_и_дарит_ощущение_свежести_,1,,SOC_0105
telo_all.json,тело,61,Мыло жидкое для рук маслом глицинии,тело,очищение,мыло,руки,,,,,,,,,,0,False,,,,,,,,,poor,,Мыло жидкое для рук маслом глицинии | тело | очищение | мыло | руки,https://socrimea.ru/catalog/telo/ochishchenie_3/mylo_zhidkoe_dlya_ruk_s_maslom_glitsinii_500_ml_markirovka/,https://socrimea.ru/local/templates/main/assets/images/nophoto.jpg,False,жидкое мыло_мыло_жидкое_для_рук_маслом_глицинии_,1,,SOC_0106
telo_all.json,тело,5,Мыло жидкое для рук маслом глицинии тимохиноном,тело,очищение,мыло,тело | руки,,,чувствительная | жирная | зрелая | раздраженная,,возрастные изменения | воспаления | чувствительность,антибактериальный эффект | антивозрастной уход | антиоксидантная защита | очищение | увлажнение,тимохинон,,,0,False,,,,,индивидуальная непереносимость компонентов,,"Удаляет загрязнения, бактерии и излишки кожного сала, не нарушая естественный защитный барьер кожи.Благодаря тимохинону активно борется со свободными радикалами, замедляя процессы старения кожи рук.Компоненты мыла не сушат кожу, а напротив, оставляют ощущение шелковистости и увлажненности.Идеально подходит для чувствительной и раздраженной кожи.Благодаря маслу Глицинии превращает ежедневное мытье рук в момент наслаждения и релаксации, даря ощущение свежести и гармонии.Подходит для частого использования: Благодаря сбалансированному pH и уходовой формуле.","Удаляет загрязнения, бактерии и излишки кожного сала, не нарушая естественный защитный барьер кожи.Благодаря тимохинону активно борется со свободными радикалами, замедляя процессы старения кожи рук.Компоненты мыла не сушат кожу, а напротив, оставляют ощущение шелковистости и увлажненности.Идеально подходит для чувствительной и раздраженной кожи.Благодаря маслу Глицинии превращает ежедневное мытье рук в момент наслаждения и релаксации, даря ощущение свежести и гармонии.Подходит для частого использования: Благодаря сбалансированному pH и уходовой формуле.",partial,"проблемы: возрастные изменения, воспаления, чувствительность; эффекты: антибактериальный эффект, антивозрастной уход, антиоксидантная защита, очищение, увлажнение; тип кожи: зрелая, чувствительная",Мыло жидкое для рук маслом глицинии тимохиноном | тело | очищение | мыло | руки | чувствительная | жирная | зрелая | раздраженная | возрастные изменения | воспаления | чувствительность | антибактериальный эффект | антивозрастной уход | антиоксидантная защита | увлажнение | тимохинон,https://socrimea.ru/catalog/telo/ochishchenie_3/mylo_zhidkoe_dlya_ruk_s_maslom_glitsinii_500_ml_s_timokhinonom_markirovka/,https://socrimea.ru/upload/iblock/477/8brijqv6knax0bgv38vlpci6xdipiri6.png,False,жидкое мыло_мыло_жидкое_для_рук_маслом_глицинии_тимохиноном_,1,,SOC_0107
telo_all.json,тело,62,Мыло жидкое для рук маслом лаванды тимохиноном,тело,очищение,мыло,руки,,,чувствительная | зрелая | раздраженная,,возрастные изменения | воспаления | чувствительность,антивозрастной уход | очищение | успокаивающий эффект,тимохинон,,,0,False,,,,,индивидуальная непереносимость компонентов,,"Аромат лаванды моментально снимает напряжение, помогая переключиться и успокоиться даже в течение короткого перерыва.Тимохинон и лаванда создают синергетический щит против внешних агрессоров и преждевременного старения.Идеально для чувствительной и раздраженной кожи: Формула не сушит, а активно успокаивает, снимает покраснения и дискомфорт.Незаменимо после контакта с бытовой химией, работы в саду, длительного нахождения на холоде или ветру.Эффективно удаляет загрязнения и патогены, при этом поддерживая здоровый баланс кожи.Благодаря нейтральному pH и успокаивающим свойствам может использоваться даже для детей (при отсутствии индивидуальной аллергии).","Аромат лаванды моментально снимает напряжение, помогая переключиться и успокоиться даже в течение короткого перерыва.Тимохинон и лаванда создают синергетический щит против внешних агрессоров и преждевременного старения.Идеально для чувствительной и раздраженной кожи: Формула не сушит, а активно успокаивает, снимает покраснения и дискомфорт.Незаменимо после контакта с бытовой химией, работы в саду, длительного нахождения на холоде или ветру.Эффективно удаляет загрязнения и патогены, при этом поддерживая здоровый баланс кожи.Благодаря нейтральному pH и успокаивающим свойствам может использоваться даже для детей (при отсутствии индивидуальной аллергии).",partial,"проблемы: возрастные изменения, воспаления, чувствительность; эффекты: антивозрастной уход, очищение, успокаивающий эффект; тип кожи: зрелая, чувствительная",Мыло жидкое для рук маслом лаванды тимохиноном | тело | очищение | мыло | руки | чувствительная | зрелая | раздраженная | возрастные изменения | воспаления | чувствительность | антивозрастной уход | успокаивающий эффект | тимохинон,https://socrimea.ru/catalog/telo/ochishchenie_3/mylo_zhidkoe_dlya_ruk_s_maslom_lavandy_s_timokhinonom_500_ml_markirovka/,https://socrimea.ru/upload/iblock/f3d/3rhnhoeelxrclvnrh43k8huxe056yd8d.png,False,жидкое мыло_мыло_жидкое_для_рук_маслом_лаванды_тимохиноном_,1,,SOC_0108
telo_all.json,тело,6,Мыло жидкое для рук маслом розмарина тимохиноном,тело,очищение,мыло,тело | руки,,,жирная | зрелая,,возрастные изменения | жирность | повреждение,антивозрастной уход | себорегуляция | тонизирование,,,,0,False,,,,,индивидуальная непереносимость компонентов,,"Аромат розмарина мгновенно бодрит, проясняет ум, повышает концентрацию. Идеальное начало дня или перерыв на работе. Комбинация работает на опережение, защищая кожу от старения и повреждений, вызванных окружающей средой. Улучшает кровоток, возвращая коже рук здоровый цвет и тонус, борясь с ощущением холода и онемения. Отлично удаляет излишки себума, загрязнения, обладает матирующим эффектом. Обеспечивает не просто гигиену, но и ощущение стерильной чистоты и свежести. Освежает и тонизирует кожу после спорта, физической работы, длительного набора текста.","Аромат розмарина мгновенно бодрит, проясняет ум, повышает концентрацию. Идеальное начало дня или перерыв на работе. Комбинация работает на опережение, защищая кожу от старения и повреждений, вызванных окружающей средой. Улучшает кровоток, возвращая коже рук здоровый цвет и тонус, борясь с ощущением холода и онемения. Отлично удаляет излишки себума, загрязнения, обладает матирующим эффектом. Обеспечивает не просто гигиену, но и ощущение стерильной чистоты и свежести. Освежает и тонизирует кожу после спорта, физической работы, длительного набора текста.",partial,"проблемы: возрастные изменения, жирность, повреждение; эффекты: антивозрастной уход, себорегуляция, тонизирование; тип кожи: жирная, зрелая; тип волос: поврежденные",Мыло жидкое для рук маслом розмарина тимохиноном | тело | очищение | мыло | руки | жирная | зрелая | возрастные изменения | жирность | повреждение | антивозрастной уход | себорегуляция | тонизирование,https://socrimea.ru/catalog/telo/mylo_zhidkoe_dlya_ruk_s_maslom_rozmarina_s_timokhinonom_500_ml_markirovka/,https://socrimea.ru/upload/iblock/b76/1dy22v5bh1x1xd6ontgz4k5fzditsalw.png,False,жидкое мыло_мыло_жидкое_для_рук_маслом_розмарина_тимохиноном_,1,,SOC_0109
telo_all.json,тело,63,Мыло жидкое для рук маслом розы,тело,очищение,мыло,руки,,,,,,,,,,0,False,,,,,,,,,poor,,Мыло жидкое для рук маслом розы | тело | очищение | мыло | руки,https://socrimea.ru/catalog/telo/ochishchenie_3/mylo_zhidkoe_dlya_ruk_s_maslom_rozy_500_ml_markirovka/,https://socrimea.ru/local/templates/main/assets/images/nophoto.jpg,False,жидкое мыло_мыло_жидкое_для_рук_маслом_розы_,1,,SOC_0110
telo_all.json,тело,4,Мыло жидкое для рук маслом розы тимохиноном,тело,очищение,мыло,руки,,,чувствительная | сухая | зрелая | обезвоженная,,возрастные изменения | пигментация | сухость | чувствительность,антивозрастной уход | восстановление | смягчение | тонизирование | укрепление,тимохинон,,,0,False,,,,,индивидуальная непереносимость компонентов,,"Идеальное сочетание роскоши, утонченности и науки. Роза — королева ароматов и ухода, а тимохинон — современный мощный биоактивный защитник. Вместе они создают жидкое мыло не для гигиены, а для церемонии ухода, где каждая деталь говорит о премиальности. Ритуал роскоши и самоценности: Каждое использование — это момент ухода за собой, повышения настроения и самооценки. Активная борьба с первыми признаками старения (сухость, потеря тонуса, мелкие морщинки). Профилактика пигментации. Восстанавливает кожу после любых агрессивных воздействий, возвращая ей мягкость и гладкость. Комбинация компонентов укрепляет естественный защитный слой кожи, делая ее более устойчивой. Идеально для зрелой, сухой, обезвоженной и чувствительной кожи. Утонченный и стойкий аромат, который остается на коже как шлейф духов.","Идеальное сочетание роскоши, утонченности и науки. Роза — королева ароматов и ухода, а тимохинон — современный мощный биоактивный защитник. Вместе они создают жидкое мыло не для гигиены, а для церемонии ухода, где каждая деталь говорит о премиальности. Ритуал роскоши и самоценности: Каждое использование — это момент ухода за собой, повышения настроения и самооценки. Активная борьба с первыми признаками старения (сухость, потеря тонуса, мелкие морщинки). Профилактика пигментации. Восстанавливает кожу после любых агрессивных воздействий, возвращая ей мягкость и гладкость. Комбинация компонентов укрепляет естественный защитный слой кожи, делая ее более устойчивой. Идеально для зрелой, сухой, обезвоженной и чувствительной кожи. Утонченный и стойкий аромат, который остается на коже как шлейф духов.",partial,"проблемы: возрастные изменения, пигментация, сухость, чувствительность; эффекты: антивозрастной уход, восстановление, смягчение, тонизирование, укрепление; тип кожи: зрелая, сухая, чувствительная; тип волос: сухие",Мыло жидкое для рук маслом розы тимохиноном | тело | очищение | мыло | руки | чувствительная | сухая | зрелая | обезвоженная | возрастные изменения | пигментация | сухость | чувствительность | антивозрастной уход | восстановление | смягчение | тонизирование | укрепление | тимохинон,https://socrimea.ru/catalog/telo/mylo_zhidkoe_dlya_ruk_s_maslom_rozy_s_timokhinonom_500_ml_markirovka/,https://socrimea.ru/upload/iblock/6da/5g7q9aeo3uojt70cyj1gub8z1er8vvm2.png,False,жидкое мыло_мыло_жидкое_для_рук_маслом_розы_тимохиноном_,1,,SOC_0111
telo_all.json,тело,31,Масло для душа глициния тимохиноном,тело,очищение,масло для душа,тело,,,,,,очищение | питание | смягчение | увлажнение,,,,0,False,,,,,индивидуальная непереносимость компонентов,,"Масло для душа Глициния 250 млНаше собственное производство масел позволяет нам создавать уникальные составы и продукты, без содержания силиконов и парабенов. Благодаря высокой концентрации масел и увлажняющих компонентов, масло для душа с глицинией не только очищает, но и мгновенно питает и увлажняет кожу, так же смягчает кожу и нормализует ее естественный уровень pH. Нежный женственный аромат глицинии дарит хорошее настроение и вдохновляет.","Масло для душа Глициния 250 млНаше собственное производство масел позволяет нам создавать уникальные составы и продукты, без содержания силиконов и парабенов. Благодаря высокой концентрации масел и увлажняющих компонентов, масло для душа с глицинией не только очищает, но и мгновенно питает и увлажняет кожу, так же смягчает кожу и нормализует ее естественный уровень pH. Нежный женственный аромат глицинии дарит хорошее настроение и вдохновляет.",partial,"эффекты: очищение, питание, смягчение, увлажнение",Масло для душа глициния тимохиноном | тело | очищение | масло для душа | питание | смягчение | увлажнение,https://socrimea.ru/catalog/telo/ochishchenie_3/maslo_dlya_dusha_glitsiniya_s_timokhinonom_250_ml_markirovka/,https://socrimea.ru/upload/iblock/dac/ahhvy479265buopbvwozxfy87xl99761.png,False,масло для душа_масло_для_душа_глициния_тимохиноном_,1,,SOC_0112
telo_all.json,тело,34,Масло для душа лаванда тимохиноном,тело,очищение,масло для душа,тело,,,чувствительная,,чувствительность,восстановление | очищение | питание | расслабление | увлажнение | успокаивающий эффект,,,,0,False,,,,,индивидуальная непереносимость компонентов,,"Масло для душа Лаванда 250 млНаше собственное производство масел позволяет нам создавать уникальные составы и продукты без содержания силиконов и парабенов. Благодаря высокой концентрации масел и увлажняющих компонентов, масло для душа с лавандой не только очищает, но и мгновенно питает, увлажняет кожу, регенерирует и успокаивает. Оно подходит для чувствительной и нежной кожи. Аромат лаванды приятно расслабляет и дарит ощущение абсолютной чистоты и свежести.","Масло для душа Лаванда 250 млНаше собственное производство масел позволяет нам создавать уникальные составы и продукты без содержания силиконов и парабенов. Благодаря высокой концентрации масел и увлажняющих компонентов, масло для душа с лавандой не только очищает, но и мгновенно питает, увлажняет кожу, регенерирует и успокаивает. Оно подходит для чувствительной и нежной кожи. Аромат лаванды приятно расслабляет и дарит ощущение абсолютной чистоты и свежести.",partial,"проблемы: чувствительность; эффекты: восстановление, очищение, питание, расслабление, увлажнение, успокаивающий эффект; тип кожи: чувствительная",Масло для душа лаванда тимохиноном | тело | очищение | масло для душа | чувствительная | чувствительность | восстановление | питание | расслабление | увлажнение | успокаивающий эффект,https://socrimea.ru/catalog/telo/ochishchenie_3/maslo_dlya_dusha_lavanda_s_timokhinonom_250_ml_markirovka/,https://socrimea.ru/upload/iblock/124/23o8mufhnlp5138zwcb7pn1voqx1xs1k.png,False,масло для душа_масло_для_душа_лаванда_тимохиноном_,1,,SOC_0113
telo_all.json,тело,67,Масло для душа роза,тело,очищение,масло для душа,тело,,,чувствительная,,чувствительность,очищение | питание | расслабление | смягчение | увлажнение,,,,0,False,,,,,индивидуальная непереносимость компонентов,,"Масло для душа Роза 250 млНаше собственное производство масел позволяет нам создавать уникальные составы и продукты, без содержания силиконов и парабенов. Благодаря высокой концентрации масел и увлажняющих компонентов, масло для душа с розой не только очищает, но и мгновенно питает, увлажняет кожу, смягчает ее и делает бархатистой. Подходит для самой чувствительной кожи. Нежный аромат розы подарит долгожданное расслабление, ощущение свежести, чистоты и гармонии.","Масло для душа Роза 250 млНаше собственное производство масел позволяет нам создавать уникальные составы и продукты, без содержания силиконов и парабенов. Благодаря высокой концентрации масел и увлажняющих компонентов, масло для душа с розой не только очищает, но и мгновенно питает, увлажняет кожу, смягчает ее и делает бархатистой. Подходит для самой чувствительной кожи. Нежный аромат розы подарит долгожданное расслабление, ощущение свежести, чистоты и гармонии.",partial,"проблемы: чувствительность; эффекты: очищение, питание, расслабление, смягчение, увлажнение; тип кожи: чувствительная",Масло для душа роза | тело | очищение | масло для душа | чувствительная | чувствительность | питание | расслабление | смягчение | увлажнение,https://socrimea.ru/catalog/telo/maslo_dlya_dusha_roza_250_ml_markirovka/,https://socrimea.ru/upload/iblock/874/zfv30xwccrz0h25is5xav47z44u0lasz.png,False,масло для душа_масло_для_душа_роза_,1,,SOC_0114
telo_all.json,тело,89,Масло для душа роза тимохиноном,тело,очищение,масло для душа,тело,,,чувствительная,,чувствительность,очищение | питание | расслабление | смягчение | увлажнение,,,,0,False,,,,,индивидуальная непереносимость компонентов,,"Масло для душа Роза 250 млНаше собственное производство масел позволяет нам создавать уникальные составы и продукты, без содержания силиконов и парабенов. Благодаря высокой концентрации масел и увлажняющих компонентов, масло для душа с розой не только очищает, но и мгновенно питает, увлажняет кожу, смягчает ее и делает бархатистой. Подходит для самой чувствительной кожи. Нежный аромат розы подарит долгожданное расслабление, ощущение свежести, чистоты и гармонии.","Масло для душа Роза 250 млНаше собственное производство масел позволяет нам создавать уникальные составы и продукты, без содержания силиконов и парабенов. Благодаря высокой концентрации масел и увлажняющих компонентов, масло для душа с розой не только очищает, но и мгновенно питает, увлажняет кожу, смягчает ее и делает бархатистой. Подходит для самой чувствительной кожи. Нежный аромат розы подарит долгожданное расслабление, ощущение свежести, чистоты и гармонии.",partial,"проблемы: чувствительность; эффекты: очищение, питание, расслабление, смягчение, увлажнение; тип кожи: чувствительная",Масло для душа роза тимохиноном | тело | очищение | масло для душа | чувствительная | чувствительность | питание | расслабление | смягчение | увлажнение,https://socrimea.ru/catalog/telo/ochishchenie_3/maslo_dlya_dusha_roza_s_timokhinonom_250_ml_markirovka/,https://socrimea.ru/upload/iblock/874/zfv30xwccrz0h25is5xav47z44u0lasz.png,False,масло для душа_масло_для_душа_роза_тимохиноном_,1,,SOC_0115
telo_all.json,тело,66,Масло для душа розмарин,тело,очищение,масло для душа,тело,,,,,возрастные изменения | воспаления,антивозрастной уход | антиоксидантная защита | очищение | питание | тонизирование | увлажнение | успокаивающий эффект,,,,0,False,,,,,индивидуальная непереносимость компонентов,,"Масло для душа Розмарин 250 млНаше собственное производство масел позволяет нам создавать уникальные составы и продукты без содержание силиконов и парабенов. Благодаря высокой концентрации масел и увлажняющих компонентов, масло для душа с розмаринов не только очищает, но и мгновенно питает и увлажняет кожу, снимает раздражения, обладает антиоксидантными и омолаживающими свойствами, тонизирует. Яркий хвойно-пряный аромат масла для душа повышает настроение и заряжает энергией.","Масло для душа Розмарин 250 млНаше собственное производство масел позволяет нам создавать уникальные составы и продукты без содержание силиконов и парабенов. Благодаря высокой концентрации масел и увлажняющих компонентов, масло для душа с розмаринов не только очищает, но и мгновенно питает и увлажняет кожу, снимает раздражения, обладает антиоксидантными и омолаживающими свойствами, тонизирует. Яркий хвойно-пряный аромат масла для душа повышает настроение и заряжает энергией.",partial,"проблемы: возрастные изменения, воспаления; эффекты: антивозрастной уход, антиоксидантная защита, очищение, питание, тонизирование, увлажнение, успокаивающий эффект; тип кожи: чувствительная",Масло для душа розмарин | тело | очищение | масло для душа | возрастные изменения | воспаления | антивозрастной уход | антиоксидантная защита | питание | тонизирование | увлажнение | успокаивающий эффект,https://socrimea.ru/catalog/telo/maslo_dlya_dusha_rozmarin_250_ml_markirovka/,https://socrimea.ru/upload/iblock/47f/57f6pz27bz8chzvx5yntvt2zvn3skk08.png,False,масло для душа_масло_для_душа_розмарин_,1,,SOC_0116
telo_all.json,тело,33,Масло для душа розмарин тимохиноном,тело,очищение,масло для душа,тело,,,,,возрастные изменения | воспаления,антивозрастной уход | антиоксидантная защита | очищение | питание | тонизирование | увлажнение | успокаивающий эффект,,,,0,False,,,,,индивидуальная непереносимость компонентов,,"Масло для душа Розмарин 250 млНаше собственное производство масел позволяет нам создавать уникальные составы и продукты без содержание силиконов и парабенов. Благодаря высокой концентрации масел и увлажняющих компонентов, масло для душа с розмаринов не только очищает, но и мгновенно питает и увлажняет кожу, снимает раздражения, обладает антиоксидантными и омолаживающими свойствами, тонизирует. Яркий хвойно-пряный аромат масла для душа повышает настроение и заряжает энергией.","Масло для душа Розмарин 250 млНаше собственное производство масел позволяет нам создавать уникальные составы и продукты без содержание силиконов и парабенов. Благодаря высокой концентрации масел и увлажняющих компонентов, масло для душа с розмаринов не только очищает, но и мгновенно питает и увлажняет кожу, снимает раздражения, обладает антиоксидантными и омолаживающими свойствами, тонизирует. Яркий хвойно-пряный аромат масла для душа повышает настроение и заряжает энергией.",partial,"проблемы: возрастные изменения, воспаления; эффекты: антивозрастной уход, антиоксидантная защита, очищение, питание, тонизирование, увлажнение, успокаивающий эффект; тип кожи: чувствительная",Масло для душа розмарин тимохиноном | тело | очищение | масло для душа | возрастные изменения | воспаления | антивозрастной уход | антиоксидантная защита | питание | тонизирование | увлажнение | успокаивающий эффект,https://socrimea.ru/catalog/telo/maslo_dlya_dusha_rozmarin_s_timokhinonom_250_ml_markirovka/,https://socrimea.ru/upload/iblock/47f/57f6pz27bz8chzvx5yntvt2zvn3skk08.png,False,масло для душа_масло_для_душа_розмарин_тимохиноном_,1,,SOC_0117
telo_all.json,тело,32,Масло для душа шалфей тимохиноном,тело,очищение,масло для душа,тело,,,,,воспаления,антиоксидантная защита | очищение | питание | расслабление | увлажнение | успокаивающий эффект,,,,0,False,,,,,индивидуальная непереносимость компонентов,,"Масло для душа Шалфей 250 млНаше собственное производство масел позволяет нам создавать уникальные составы и продукты без содержание силиконов и парабенов. Благодаря высокой концентрации масел и увлажняющих компонентов, масло для душа с шалфеем не только очищает, но и мгновенно питает и увлажняет кожу, снимает раздражения, обладает антиоксидантными и омоложивающими свойствами. Травянистый аромат масла для душа успокаивает, снимает усталость и поднимает настроение.","Масло для душа Шалфей 250 млНаше собственное производство масел позволяет нам создавать уникальные составы и продукты без содержание силиконов и парабенов. Благодаря высокой концентрации масел и увлажняющих компонентов, масло для душа с шалфеем не только очищает, но и мгновенно питает и увлажняет кожу, снимает раздражения, обладает антиоксидантными и омоложивающими свойствами. Травянистый аромат масла для душа успокаивает, снимает усталость и поднимает настроение.",partial,"проблемы: воспаления; эффекты: антиоксидантная защита, очищение, питание, расслабление, увлажнение, успокаивающий эффект; тип кожи: чувствительная",Масло для душа шалфей тимохиноном | тело | очищение | масло для душа | воспаления | антиоксидантная защита | питание | расслабление | увлажнение | успокаивающий эффект,https://socrimea.ru/catalog/telo/ochishchenie_3/maslo_dlya_dusha_shalfey_s_timokhinonom_250_ml_markirovka/,https://socrimea.ru/upload/iblock/068/fhd0ur1qlzuer7qmmxhlnzlqn2tasbds.png,False,масло для душа_масло_для_душа_шалфей_тимохиноном_,1,,SOC_0118
telo_all.json,тело,49,Мыло натуральное лицея kubeba,тело,очищение,мыло,тело,,,,,,очищение,,"омыленные растительные масла (кокосовое, миндальное, ши, касторовое), вода очищенная, эфирное масло литсея кубеба",омыленные растительные масла (кокосовое | миндальное | ши | касторовое) | вода очищенная | эфирное масло литсея кубеба,6,True,,,,,индивидуальная непереноси-мость компонентов,"хранить в сухом, проветривае-мом помещении, при температуре не ниже минус 5 С и относительной влажности воздуха не более 75%",,"Состав: омыленные растительные масла (кокосовое, миндальное, ши, касторовое), вода очищенная, эфирное масло литсея кубеба.Противопоказания: индивидуальная непереноси-мость компонентов.Условия хранения: хранить в сухом, проветривае-мом помещении, при температуре не ниже минус 5 С и относительной влажности воздуха не более 75%.ГОСТ 28546-2002Срок годности: 18месяцев",partial,эффекты: очищение,Мыло натуральное лицея kubeba | тело | очищение | мыло,https://socrimea.ru/catalog/telo/ruki/ochishchenie_4/mylo_naturalnoe_litseya_kubeba_75_g_markirovka/,https://socrimea.ru/upload/iblock/343/31ttlijc4caxtd0gbyygvclv1owyim53.png,False,натуральное мыло_мыло_натуральное_лицея_kubeba_,1,,SOC_0119
telo_all.json,тело,81,Мыло натуральное твёрдое глициния крымская,тело,очищение,мыло,тело,,,,,,,,,,0,False,,,,,,,,,poor,,Мыло натуральное твёрдое глициния крымская | тело | очищение | мыло,https://socrimea.ru/catalog/telo/ruki/ochishchenie_4/mylo_naturalnoe_tverdoe_glitsiniya_krymskaya_100_g_markirovka/,https://socrimea.ru/local/templates/main/assets/images/nophoto.jpg,False,натуральное мыло_мыло_натуральное_твёрдое_глициния_крымская_,1,,SOC_0120
telo_all.json,тело,82,Мыло натуральное твёрдое иссоп и лемонграсс,тело,очищение,мыло,тело,,,,,,,,,,0,False,,,,,,,,,poor,,Мыло натуральное твёрдое иссоп и лемонграсс | тело | очищение | мыло,https://socrimea.ru/catalog/telo/ruki/ochishchenie_4/mylo_naturalnoe_tverdoe_issop_i_lemongrass_100_g_markirovka/,https://socrimea.ru/local/templates/main/assets/images/nophoto.jpg,False,натуральное мыло_мыло_натуральное_твёрдое_иссоп_и_лемонграсс_,1,,SOC_0121
telo_all.json,тело,84,Мыло натуральное твёрдое кофе и апельсин,тело,очищение,мыло,тело,,,,,,,,,,0,False,,,,,,,,,poor,,Мыло натуральное твёрдое кофе и апельсин | тело | очищение | мыло,https://socrimea.ru/catalog/telo/ruki/ochishchenie_4/mylo_naturalnoe_tverdoe_kofe_i_apelsin_100_g_markirovka/,https://socrimea.ru/local/templates/main/assets/images/nophoto.jpg,False,натуральное мыло_мыло_натуральное_твёрдое_кофе_и_апельсин_,1,,SOC_0122
telo_all.json,тело,79,Мыло натуральное твёрдое лаванда и можжевельник,тело,очищение,мыло,тело,,,,,,,,,,0,False,,,,,,,,,poor,,Мыло натуральное твёрдое лаванда и можжевельник | тело | очищение | мыло,https://socrimea.ru/catalog/telo/ruki/ochishchenie_4/mylo_naturalnoe_tverdoe_lavanda_i_mozhzhevelnik_100_g_markirovka/,https://socrimea.ru/local/templates/main/assets/images/nophoto.jpg,False,натуральное мыло_мыло_натуральное_твёрдое_лаванда_и_можжевельник_,1,,SOC_0123
telo_all.json,тело,80,Мыло натуральное твёрдое роза и сандал,тело,очищение,мыло,тело,,,,,,,,,,0,False,,,,,,,,,poor,,Мыло натуральное твёрдое роза и сандал | тело | очищение | мыло,https://socrimea.ru/catalog/telo/ruki/ochishchenie_4/mylo_naturalnoe_tverdoe_roza_i_sandal_100_g_markirovka/,https://socrimea.ru/local/templates/main/assets/images/nophoto.jpg,False,натуральное мыло_мыло_натуральное_твёрдое_роза_и_сандал_,1,,SOC_0124
telo_all.json,тело,83,Мыло натуральное твёрдое розмарин и грейпфрут,тело,очищение,мыло,тело,,,,,,,,,,0,False,,,,,,,,,poor,,Мыло натуральное твёрдое розмарин и грейпфрут | тело | очищение | мыло,https://socrimea.ru/catalog/telo/ruki/ochishchenie_4/mylo_naturalnoe_tverdoe_rozmarin_i_greypfrut_100_g_markirovka/,https://socrimea.ru/local/templates/main/assets/images/nophoto.jpg,False,натуральное мыло_мыло_натуральное_твёрдое_розмарин_и_грейпфрут_,1,,SOC_0125
telo_all.json,тело,75,Мыло натуральное твёрдое черный тмин и имбирь тимохиноном,тело,очищение,мыло,тело,,,,,,,,,,0,False,,,,,,,,,poor,,Мыло натуральное твёрдое черный тмин и имбирь тимохиноном | тело | очищение | мыло,https://socrimea.ru/catalog/telo/ruki/ochishchenie_4/mylo_naturalnoe_tverdoe_chernyy_tmin_i_imbir_s_timokhinonom_100_g_markirovka/,https://socrimea.ru/local/templates/main/assets/images/nophoto.jpg,False,натуральное мыло_мыло_натуральное_твёрдое_черный_тмин_и_имбирь_тимохиноном_,1,,SOC_0126
telo_all.json,тело,76,Мыло натуральное твёрдое черный тмин и красный перец тимохиноном,тело,очищение,мыло,тело,,,,,,,,,,0,False,,,,,,,,,poor,,Мыло натуральное твёрдое черный тмин и красный перец тимохиноном | тело | очищение | мыло,https://socrimea.ru/catalog/telo/ruki/ochishchenie_4/mylo_naturalnoe_tverdoe_chernyy_tmin_i_krasnyy_perets_s_timokhinonom_100_g_markirovka/,https://socrimea.ru/local/templates/main/assets/images/nophoto.jpg,False,натуральное мыло_мыло_натуральное_твёрдое_черный_тмин_и_красный_перец_тимохиноном_,1,,SOC_0127
telo_all.json,тело,78,Мыло натуральное твёрдое шалфей и эвакалипт,тело,очищение,мыло,тело,,,,,,,,,,0,False,,,,,,,,,poor,,Мыло натуральное твёрдое шалфей и эвакалипт | тело | очищение | мыло,https://socrimea.ru/catalog/telo/ruki/ochishchenie_4/mylo_naturalnoe_tverdoe_shalfey_i_evkalipt_100_g_markirovka/,https://socrimea.ru/local/templates/main/assets/images/nophoto.jpg,False,натуральное мыло_мыло_натуральное_твёрдое_шалфей_и_эвакалипт_,1,,SOC_0128
telo_all.json,тело,50,Мыло натуральное для мужчин иссоп,тело,очищение,мыло,тело,,,,,,очищение,масло иссопа,"омыленные растительные масла (кокосовое, миндальное, ши, касторовое), вода очищенная, эфирное масло иссопа, измельченные соцветия иссопа",омыленные растительные масла (кокосовое | миндальное | ши | касторовое) | вода очищенная | эфирное масло иссопа | измельченные соцветия иссопа,7,True,эфирное масло иссопа,,,,индивидуальная непереносимость компонентов,"хранить в сухом, проветриваемом помещении, при температуре не ниже минус 5°С и относительной влажности воздуха не более 75%",,"Состав: омыленные растительные масла (кокосовое, миндальное, ши, касторовое), вода очищенная, эфирное масло иссопа, измельченные соцветия иссопа.Противопоказания: индивидуальная непереносимость компонентов.Условия хранения: хранить в сухом, проветриваемом помещении, при температуре не ниже минус 5°С и относительной влажности воздуха не более 75%.ГОСТ 28546-2002Срок годности: 18 месяцев",partial,эффекты: очищение,Мыло натуральное для мужчин иссоп | тело | очищение | мыло | масло иссопа,https://socrimea.ru/catalog/telo/ruki/ochishchenie_4/mylo_naturalnoe_dlya_muzhchin_issop_75_g_markirovka/,https://socrimea.ru/upload/iblock/369/1p9eom7wpxi68c69qa92oik9kqk2ku24.png,False,натуральное мыло_мыло_натуральное_для_мужчин_иссоп_,1,,SOC_0129
telo_all.json,тело,96,Мыло натуральное для мужчин цитрус,тело,очищение,мыло,тело,,,,,,очищение,,"омыленные растительные масла (кокосовое, миндальное, ши, касторовое), вода очищенная, эфирное масло петитгрейна, парфюмерная композиция",омыленные растительные масла (кокосовое | миндальное | ши | касторовое) | вода очищенная | эфирное масло петитгрейна | парфюмерная композиция,7,True,парфюмерная композиция,,,,индивидуальная непереносимость компонентов,"хранить в сухом, проветриваемом помещении, при температуре не ниже минус 5°С и относительной влажности воздуха не более 75%",,"Состав: омыленные растительные масла (кокосовое, миндальное, ши, касторовое), вода очищенная, эфирное масло петитгрейна, парфюмерная композиция.Противопоказания: индивидуальная непереносимость компонентов.Условия хранения: хранить в сухом, проветриваемом помещении, при температуре не ниже минус 5°С и относительной влажности воздуха не более 75%.ГОСТ 28546-2002Срок годности: 18 месяцев",partial,эффекты: очищение,Мыло натуральное для мужчин цитрус | тело | очищение | мыло,https://socrimea.ru/catalog/telo/ruki/ochishchenie_4/mylo_naturalnoe_dlya_muzhchin_tsitrus_75_g_markirovka/,https://socrimea.ru/upload/iblock/587/pbkpae83blc7hx79re8e2zkz76mqdvb7.png,False,натуральное мыло_мыло_натуральное_для_мужчин_цитрус_,1,,SOC_0130
telo_all.json,тело,38,Мыло натуральное для мужчин лаванда,тело,очищение,мыло,тело,,,,,,очищение,масло лаванды | эфирное масло лаванды,"омыленные растительные масла (кокосовое, миндальное, ши, касторовое), вода очищенная, эфирное масло лаванды, пигмент",омыленные растительные масла (кокосовое | миндальное | ши | касторовое) | вода очищенная | эфирное масло лаванды | пигмент,7,True,эфирное масло лаванды,,,,индивидуальная непереносимость компонентов,"хранить в сухом, проветриваемом помещении, при температуре не ниже минус 5°С и относительной влажности воздуха не более 75%",,"Состав: омыленные растительные масла (кокосовое, миндальное, ши, касторовое), вода очищенная, эфирное масло лаванды, пигмент.Противопоказания: индивидуальная непереносимость компонентов.Условия хранения: хранить в сухом, проветриваемом помещении, при температуре не ниже минус 5°С и относительной влажности воздуха не более 75%.ГОСТ 28546-2002Срок годности: 18 месяцев",partial,эффекты: очищение,Мыло натуральное для мужчин лаванда | тело | очищение | мыло | масло лаванды | эфирное масло лаванды,https://socrimea.ru/catalog/telo/ruki/ochishchenie_4/mylo_naturalnoe_dlya_muzhchin_lavanda_75_g_markirovka/,https://socrimea.ru/upload/iblock/006/sj0j1v9o52kxqacm1ffxbs6g9b7gnov5.png,False,натуральное мыло_мыло_натуральное_для_мужчин_лаванда_,1,,SOC_0131
telo_all.json,тело,20,Мыло натуральное для мужчин пачули,тело,очищение,мыло,тело,,,,,,очищение,черного тмина,"омыленные растительные масла (кокосовое, миндальное, ши, касторовое), вода очищенная, эфирное масло пачули, измельченные плоды черного тмина",омыленные растительные масла (кокосовое | миндальное | ши | касторовое) | вода очищенная | эфирное масло пачули | измельченные плоды черного тмина,7,True,,,,,индивидуальная непереносимость компонентов,"хранить в сухом, проветриваемом помещении, при температуре не ниже минус 5°С и относительной влажности воздуха не более 75%",,"Состав: омыленные растительные масла (кокосовое, миндальное, ши, касторовое), вода очищенная, эфирное масло пачули, измельченные плоды черного тмина.Противопоказания: индивидуальная непереносимость компонентов.Условия хранения: хранить в сухом, проветриваемом помещении, при температуре не ниже минус 5°С и относительной влажности воздуха не более 75%.ГОСТ 28546-2002Срок годности: 18 месяцев",partial,эффекты: очищение,Мыло натуральное для мужчин пачули | тело | очищение | мыло | черного тмина,https://socrimea.ru/catalog/telo/ruki/ochishchenie_4/mylo_naturalnoe_dlya_muzhchin_pachuli_75_g_markirovka/,https://socrimea.ru/upload/iblock/7cc/o364sbtug6lpgy0289ojhdcdc5v107c8.png,False,натуральное мыло_мыло_натуральное_для_мужчин_пачули_,1,,SOC_0132
telo_all.json,тело,39,Мыло натуральное лаванда,тело,очищение,мыло,тело,,,,,,очищение,масло лаванды | эфирное масло лаванды,"омыленные растительные масла (кокосовое, миндальное, ши, касторовое), вода очищенная, эфирное масло лаванды, пигмент",омыленные растительные масла (кокосовое | миндальное | ши | касторовое) | вода очищенная | эфирное масло лаванды | пигмент,7,True,эфирное масло лаванды,,,,индивидуальная непереносимость компонентов,"хранить в сухом, проветриваемом помещении, при температуре не ниже минус 5С и относительной влажности воздуха не более 75%",,"Состав: омыленные растительные масла (кокосовое, миндальное, ши, касторовое), вода очищенная, эфирное масло лаванды, пигмент.Противопоказания: индивидуальная непереносимость компонентов.Условия хранения: хранить в сухом, проветриваемом помещении, при температуре не ниже минус 5С и относительной влажности воздуха не более 75%.ГОСТ 28546-2002Срок годности: 18 месяцев",partial,эффекты: очищение,Мыло натуральное лаванда | тело | очищение | мыло | масло лаванды | эфирное масло лаванды,https://socrimea.ru/catalog/telo/mylo_naturalnoe_lavanda_75_g_markirovka/,https://socrimea.ru/upload/iblock/8de/rg7fpenhr1ylqcrmydbh77eiqhxrrcru.png,False,натуральное мыло_мыло_натуральное_лаванда_,1,,SOC_0133
telo_all.json,тело,48,Мыло натуральное лаванда голубой глиной,тело,очищение,мыло,тело,,,,,,,гидролат лаванды | масло лаванды | эфирное масло лаванды,"омыленные растительные масла (кокосовое, миндальное, ши, касторовое), гидролат лаванды, голубая глина, эфирное масло лаванды, пигмент",омыленные растительные масла (кокосовое | миндальное | ши | касторовое) | гидролат лаванды | голубая глина | эфирное масло лаванды | пигмент,8,True,эфирное масло лаванды,,,,индивидуальная непереносимость компонентов,"хранить в сухом, проветриваемом помещении, при температуре не ниже минус 5 С и относительной влажности воздуха не более 75%",,"Состав: омыленные растительные масла (кокосовое, миндальное, ши, касторовое), гидролат лаванды, голубая глина, эфирное масло лаванды, пигмент.Противопоказания: индивидуальная непереносимость компонентов.Условия хранения: хранить в сухом, проветриваемом помещении, при температуре не ниже минус 5 С и относительной влажности воздуха не более 75%.ГОСТ 28546-2002Срок годности: 18 месяцев",partial,,Мыло натуральное лаванда голубой глиной | тело | очищение | мыло | гидролат лаванды | масло лаванды | эфирное масло лаванды,https://socrimea.ru/catalog/telo/ruki/ochishchenie_4/mylo_naturalnoe_lavanda_s_goluboy_glinoy_75_g_markirovka/,https://socrimea.ru/upload/iblock/6e8/8ra1kpi3dokfolsblm27wr4wqoov4xxb.png,False,натуральное мыло_мыло_натуральное_лаванда_goluboy_glinoy_,1,,SOC_0134
telo_all.json,тело,52,Мыло натуральное роза,тело,очищение,мыло,тело,,,,,,очищение,,"омыленные растительные масла (кокосовое, миндальное, ши, касторовое), вода очищенная, эфирное масло герани, пальмарозы, пигмент",омыленные растительные масла (кокосовое | миндальное | ши | касторовое) | вода очищенная | эфирное масло герани | пальмарозы | пигмент,8,True,эфирное масло герани,,,,индивидуальная непереноси-мость компонентов,"хранить в сухом, проветривае-мом помещении, при температуре не ниже минус 5 С и относительной влажности воздуха не более 75%",,"Состав: омыленные растительные масла (кокосовое, миндальное, ши, касторовое), вода очищенная, эфирное масло герани, пальмарозы, пигмент.Противопоказания: индивидуальная непереноси-мость компонентов.Условия хранения: хранить в сухом, проветривае-мом помещении, при температуре не ниже минус 5 С и относительной влажности воздуха не более 75%.ГОСТ 28546-2002Срок годности: 18 месяцев",partial,эффекты: очищение,Мыло натуральное роза | тело | очищение | мыло,https://socrimea.ru/catalog/telo/ruki/ochishchenie_4/mylo_naturalnoe_roza_75_g_markirovka/,https://socrimea.ru/upload/iblock/791/6mu44c6shn3zbya3z6fydk648pbkw0dw.png,False,натуральное мыло_мыло_натуральное_роза_,1,,SOC_0135
telo_all.json,тело,51,Мыло натуральное шоколад,тело,очищение,мыло,тело,,,,,,очищение,масло какао,"омыленные растительные масла (кокосовое, миндальное, ши, касторовое), масло какао, вода очищенная, кофе молотый, эфирное масло апельсина, парфюмерная композиция",омыленные растительные масла (кокосовое | миндальное | ши | касторовое) | масло какао | вода очищенная | кофе молотый | эфирное масло апельсина | парфюмерная композиция,9,True,парфюмерная композиция | эфирное масло апельсина,,,,индивидуальная непереноси-мость компонентов,"хранить в сухом, проветривае-мом помещении, при температуре не ниже минус 5 С и относительной влажности воздуха не более 75%",,"Состав: омыленные растительные масла (кокосовое, миндальное, ши, касторовое), масло какао, вода очищенная, кофе молотый, эфирное масло апельсина, парфюмерная композиция.Противопоказания: индивидуальная непереноси-мость компонентов.Условия хранения: хранить в сухом, проветривае-мом помещении, при температуре не ниже минус 5 С и относительной влажности воздуха не более 75%.ГОСТ 28546-2002Срок годности: 18 месяцев",partial,эффекты: очищение,Мыло натуральное шоколад | тело | очищение | мыло | масло какао,https://socrimea.ru/catalog/telo/ruki/ochishchenie_4/mylo_naturalnoe_shokolad_75_g_markirovka/,https://socrimea.ru/upload/iblock/382/ux5pdoho8fcmy3clb2o5rp24f66vn5r0.png,False,натуральное мыло_мыло_натуральное_шоколад_,1,,SOC_0136
telo_all.json,тело,77,"Мыло сочетает в себе способность очищать кожу, заживлять раны и укреплять иммунитет организма",тело,очищение,мыло,тело,,,проблемная,,акне | воспаления | псориаз,антибактериальный эффект | блеск | восстановление | очищение | противовоспалительный эффект | укрепление,,,,0,False,,,,,индивидуальная непереносимость компонентов,,"Мыло сочетает в себе способность очищать кожу, заживлять раны и укреплять иммунитет организма. Уникальные качества берёзового дёгтя: антисептическое действие — очищает поры, устраняет воспаления и акне; противогрибковое свойство — эффективно борется с дерматологическими заболеваниями, такими как экзема, псориаз и грибковые инфекции, улучшает кровообращение, придавая коже здоровый вид и сияние молодости.Ключевой компонент: натуральный дёготь.","Мыло сочетает в себе способность очищать кожу, заживлять раны и укреплять иммунитет организма. Уникальные качества берёзового дёгтя: антисептическое действие — очищает поры, устраняет воспаления и акне; противогрибковое свойство — эффективно борется с дерматологическими заболеваниями, такими как экзема, псориаз и грибковые инфекции, улучшает кровообращение, придавая коже здоровый вид и сияние молодости.Ключевой компонент: натуральный дёготь.",partial,"проблемы: акне, воспаления, псориаз; эффекты: антибактериальный эффект, блеск, восстановление, очищение, противовоспалительный эффект, укрепление; тип кожи: проблемная","Мыло сочетает в себе способность очищать кожу, заживлять раны и укреплять иммунитет организма | тело | очищение | мыло | проблемная | акне | воспаления | псориаз | антибактериальный эффект | блеск | восстановление | противовоспалительный эффект | укрепление",https://socrimea.ru/catalog/telo/mylo_naturalnoe_degtyarnoe_75_g_markirovka/,https://socrimea.ru/upload/iblock/978/keo3qq8gg4ezqqo10q49b08zooz0m261.jpg,False,натуральное мыло_мыло_сочетает_в_себе_способность_очищать_кожу_заживлять_раны_и_укреплять_иммунитет_организма_,1,,SOC_0137
telo_all.json,тело,13,Скраб для тела виноград и жожоба,тело,специальный уход,скраб,тело,,,,,,эксфолиация,масло жожоба | масло ши,"сахар, соль, масло ши, масло кокоса, виноградная косточка измельченная, масло виноградных косточек, масло жожоба, кукурузный крахмал, парфюмерная композиция",сахар | соль | масло ши | масло кокоса | виноградная косточка измельченная | масло виноградных косточек | масло жожоба | кукурузный крахмал | парфюмерная композиция,9,True,парфюмерная композиция,"на чистую влажную кожу нанести круговыми движениями, массировать кожу 3-5 минут, смыть теплой водой.Состав: сахар, соль, масло ши, масло кокоса, виноградная косточка измельченная, масло виноградных косточек, масло жожоба, кукурузный крахмал, парфюмерная композиция",,"не использовать скраб ежедневно (1-2 раза в неделю), не скрабировать слишком сильно (во избежание повреждения эпидермиса), предварительно протестировать на отдельном участке кожи на аллергическую реакцию, не для приема внутрь",индивидуальная непереносимость компонентов,"плотно закрытым при температуре от +5°С до +25°С, избегать попадания влаги и прямых солнечных лучей",,"Способ применения: на чистую влажную кожу нанести круговыми движениями, массировать кожу 3-5 минут, смыть теплой водой.Состав: сахар, соль, масло ши, масло кокоса, виноградная косточка измельченная, масло виноградных косточек, масло жожоба, кукурузный крахмал, парфюмерная композиция.Меры предосторожности:не использовать скраб ежедневно (1-2 раза в неделю), не скрабировать слишком сильно (во избежание повреждения эпидермиса), предварительно протестировать на отдельном участке кожи на аллергическую реакцию, не для приема внутрь.Противопоказания: индивидуальная непереносимость компонентов.Условия хранения: плотно закрытым при температуре от +5°С до +25°С, избегать попадания влаги и прямых солнечных лучей.ТУ 20.42.15-014-00759251-2020Срок годности: 24 месяца",partial,эффекты: эксфолиация,Скраб для тела виноград и жожоба | тело | специальный уход | скраб | эксфолиация | масло жожоба | масло ши,https://socrimea.ru/catalog/telo/skrab_dlya_tela_vinograd_i_zhozhoba_250_g_markirovka/,https://socrimea.ru/upload/iblock/5cc/bv54y89167ssdh7w1g8o7e91c1wxv0ac.jpg,False,скраб_скраб_для_тела_виноград_и_жожоба_,2,https://socrimea.ru/catalog/telo/ochishchenie_3/skrab_dlya_tela_vinograd_i_zhozhoba_500_g_markirovka/,SOC_0138
telo_all.json,тело,14,Скраб для тела голубая глина,тело,специальный уход,скраб,тело,,,,,,эксфолиация,глина голубая | масло миндальное | масло ши | экстракт лаванды | экстракт розмарина | экстракт розы,"сахар, соль, масло ши, масло кокоса, масло миндальное, глина голубая, экстракт розмарина, экстракт лаванды, экстракт розы, кукурузный крахмал, парфюмерная композиция",сахар | соль | масло ши | масло кокоса | масло миндальное | глина голубая | экстракт розмарина | экстракт лаванды | экстракт розы | кукурузный крахмал | парфюмерная композиция,11,True,парфюмерная композиция,"на чистую влажную кожу нанести круговыми движениями, массировать кожу 3-5 минут, смыть теплой водой.Состав: сахар, соль, масло ши, масло кокоса, масло миндальное, глина голубая, экстракт розмарина, экстракт лаванды, экстракт розы, кукурузный крахмал, парфюмерная композиция",,"не использовать скраб ежедневно (1-2 раза в неделю), не скрабировать слишком сильно (во избежание повреждения эпидермиса), предварительно протестировать на отдельном участке кожи на аллергическую реакцию, не для приема внутрь",индивидуальная непереносимость компонентов,"плотно закрытым при температуре от +5°С до +25°С, избегать попадания влаги и прямых солнечных лучей",,"Способ применения: на чистую влажную кожу нанести круговыми движениями, массировать кожу 3-5 минут, смыть теплой водой.Состав: сахар, соль, масло ши, масло кокоса, масло миндальное, глина голубая, экстракт розмарина, экстракт лаванды, экстракт розы, кукурузный крахмал, парфюмерная композиция.Меры предосторожности:не использовать скраб ежедневно (1-2 раза в неделю), не скрабировать слишком сильно (во избежание повреждения эпидермиса), предварительно протестировать на отдельном участке кожи на аллергическую реакцию, не для приема внутрь.Противопоказания: индивидуальная непереносимость компонентов.Условия хранения: плотно закрытым при температуре от +5°С до +25°С, избегать попадания влаги и прямых солнечных лучей.ТУ 20.42.15-014-00759251-2020Срок годности: 24 месяца",partial,эффекты: эксфолиация,Скраб для тела голубая глина | тело | специальный уход | скраб | эксфолиация | глина голубая | масло миндальное | масло ши | экстракт лаванды | экстракт розмарина | экстракт розы,https://socrimea.ru/catalog/telo/ochishchenie_3/skrab_dlya_tela_golubaya_glina_250_g_markirovka/,https://socrimea.ru/upload/iblock/1af/df2mzeuqb6am39w3nb46wwkkefkjgw04.jpg,False,скраб_скраб_для_тела_голубая_глина_,2,https://socrimea.ru/catalog/telo/ochishchenie_3/skrab_dlya_tela_golubaya_glina_500_g_markirovka/,SOC_0139
telo_all.json,тело,19,Скраб для тела грейпфрут и имбирь,тело,специальный уход,скраб,тело,,,,,,питание | эксфолиация,витамин е | масло виноградной косточки | масло ши,"соль, масло ши, масло кокоса, масло виноградной косточки, кукурузный крахмал, витамин Е, эфирные масла грейпфрута, имбиря, корицы",соль | масло ши | масло кокоса | масло виноградной косточки | кукурузный крахмал | витамин Е | эфирные масла грейпфрута | имбиря | корицы,9,True,,"на чистую влажную кожу нанести круговыми движениями, массировать кожу 3-5 минут, смыть теплой водой.Состав: соль, масло ши, масло кокоса, масло виноградной косточки, кукурузный крахмал, витамин Е, эфирные масла грейпфрута, имбиря, корицы",,"не использовать скраб ежедневно (1-2 раза в неделю), не скрабировать слишком сильно (во избежание повреждения эпидермиса), предварительно протестировать на отдельном участке кожи на аллергическую реакцию, не для приема внутрь",индивидуальная непереносимость компонентов,"плотно закрытым при температуре от +5°С до +25°С, избегать попадания влаги и прямых солнечных лучей",,"Способ применения: на чистую влажную кожу нанести круговыми движениями, массировать кожу 3-5 минут, смыть теплой водой.Состав: соль, масло ши, масло кокоса, масло виноградной косточки, кукурузный крахмал, витамин Е, эфирные масла грейпфрута, имбиря, корицы.Меры предосторожности:не использовать скраб ежедневно (1-2 раза в неделю), не скрабировать слишком сильно (во избежание повреждения эпидермиса), предварительно протестировать на отдельном участке кожи на аллергическую реакцию, не для приема внутрь.Противопоказания: индивидуальная непереносимость компонентов.Условия хранения: плотно закрытым при температуре от +5°С до +25°С, избегать попадания влаги и прямых солнечных лучей.ТУ 20.42.15-014-00759251-2020Срок годности: 24 месяца",partial,"эффекты: питание, эксфолиация",Скраб для тела грейпфрут и имбирь | тело | специальный уход | скраб | питание | эксфолиация | витамин е | масло виноградной косточки | масло ши,https://socrimea.ru/catalog/telo/skrab_dlya_tela_greypfrut_i_imbir_500_g_markirovka/,https://socrimea.ru/upload/iblock/0d0/nk3sh7lot5tk1z8jboc4tzn63i82bf18.jpg,False,скраб_скраб_для_тела_грейпфрут_и_имбирь_,2,https://socrimea.ru/catalog/telo/ochishchenie_3/skrab_dlya_tela_greypfrut_i_imbir_250_g_markirovka/,SOC_0140
telo_all.json,тело,16,Скраб для тела кофе и апельсин,тело,специальный уход,скраб,тело,,,,,,эксфолиация,масло какао | масло ши,"сахар, соль, масло ши, масло кокоса, масло какао, масло миндальной косточки, кофе молотый, кукурузный крахмал, эфирное масло апельсина, парфюмерная композиция",сахар | соль | масло ши | масло кокоса | масло какао | масло миндальной косточки | кофе молотый | кукурузный крахмал | эфирное масло апельсина | парфюмерная композиция,10,True,парфюмерная композиция | эфирное масло апельсина,"на чистую влажную кожу нанести круговыми движениями, массировать кожу 3-5 минут, смыть теплой водой.Состав: сахар, соль, масло ши, масло кокоса, масло какао, масло миндальной косточки, кофе молотый, кукурузный крахмал, эфирное масло апельсина, парфюмерная композиция",,"не использовать скраб ежедневно (1-2 раза в неделю), не скрабировать слишком сильно (во избежание повреждения эпидермиса), предварительно протестировать на отдельном участке кожи на аллергическую реакцию, не для приема внутрь",индивидуальная непереносимость компонентов,"плотно закрытым при температуре от +5°С до +25°С, избегать попадания влаги и прямых солнечных лучей",,"Способ применения: на чистую влажную кожу нанести круговыми движениями, массировать кожу 3-5 минут, смыть теплой водой.Состав: сахар, соль, масло ши, масло кокоса, масло какао, масло миндальной косточки, кофе молотый, кукурузный крахмал, эфирное масло апельсина, парфюмерная композиция.Меры предосторожности:не использовать скраб ежедневно (1-2 раза в неделю), не скрабировать слишком сильно (во избежание повреждения эпидермиса), предварительно протестировать на отдельном участке кожи на аллергическую реакцию, не для приема внутрь.Противопоказания: индивидуальная непереносимость компонентов.Условия хранения: плотно закрытым при температуре от +5°С до +25°С, избегать попадания влаги и прямых солнечных лучей.ТУ 20.42.15-014-00759251-2020Срок годности: 24 месяца",partial,эффекты: эксфолиация,Скраб для тела кофе и апельсин | тело | специальный уход | скраб | эксфолиация | масло какао | масло ши,https://socrimea.ru/catalog/telo/ochishchenie_3/skrab_dlya_tela_kofe_i_apelsin_500_g_markirovka/,https://socrimea.ru/upload/iblock/bde/g30xv858kmo7ldex4ax5x28hlrz10k43.jpg,False,скраб_скраб_для_тела_кофе_и_апельсин_,2,https://socrimea.ru/catalog/telo/ochishchenie_3/skrab_dlya_tela_kofe_i_apelsin_250_g_markirovka/,SOC_0141
telo_all.json,тело,17,Скраб для тела лаванда и можжевельник,тело,специальный уход,скраб,тело,,,,,,эксфолиация,масло виноградной косточки | масло ши | экстракт лаванды | экстракт розмарина,"сахар, масло ши, масло кокоса, масло миндальной косточки, масло виноградной косточки, кукурузный крахмал, экстракт лаванды экстракт розмарина, эфирные масла лаванды, можжевельника, розмарина",сахар | масло ши | масло кокоса | масло миндальной косточки | масло виноградной косточки | кукурузный крахмал | экстракт лаванды экстракт розмарина | эфирные масла лаванды | можжевельника | розмарина,10,True,,"на чистую влажную кожу нанести круговыми движениями, массировать кожу 3-5 минут, смыть теплой водой.Состав: сахар, масло ши, масло кокоса, масло миндальной косточки, масло виноградной косточки, кукурузный крахмал, экстракт лаванды экстракт розмарина, эфирные масла лаванды, можжевельника, розмарина",,"не использовать скраб ежедневно (1-2 раза в неделю), не скрабировать слишком сильно (во избежание повреждения эпидермиса), предварительно протестировать на отдельном участке кожи на аллергическую реакцию, не для приема внутрь",индивидуальная непереносимость компонентов,"плотно закрытым при температуре от +5°С до +25°С, избегать попадания влаги и прямых солнечных лучей",,"Способ применения: на чистую влажную кожу нанести круговыми движениями, массировать кожу 3-5 минут, смыть теплой водой.Состав: сахар, масло ши, масло кокоса, масло миндальной косточки, масло виноградной косточки, кукурузный крахмал, экстракт лаванды экстракт розмарина, эфирные масла лаванды, можжевельника, розмарина.Меры предосторожности:не использовать скраб ежедневно (1-2 раза в неделю), не скрабировать слишком сильно (во избежание повреждения эпидермиса), предварительно протестировать на отдельном участке кожи на аллергическую реакцию, не для приема внутрь.Противопоказания: индивидуальная непереносимость компонентов.Условия хранения: плотно закрытым при температуре от +5°С до +25°С, избегать попадания влаги и прямых солнечных лучей.ТУ 20.42.15-014-00759251-2020Срок годности: 24 месяца",partial,эффекты: эксфолиация,Скраб для тела лаванда и можжевельник | тело | специальный уход | скраб | эксфолиация | масло виноградной косточки | масло ши | экстракт лаванды | экстракт розмарина,https://socrimea.ru/catalog/telo/skrab_dlya_tela_lavanda_i_mozhzhevelnik_500_g_markirovka/,https://socrimea.ru/upload/iblock/ace/voi9amzavbud8ftw24inj86rtqxzm5g2.jpg,False,скраб_скраб_для_тела_лаванда_и_можжевельник_,2,https://socrimea.ru/catalog/telo/ochishchenie_3/skrab_dlya_tela_lavanda_i_mozhzhevelnik_250_g_markirovka/,SOC_0142
telo_all.json,тело,11,Скраб для тела мед и шоколад,тело,специальный уход,скраб,тело,,,,,,эксфолиация,масло миндальное | масло ши,"соль, масло ши, масло кокоса, масло виноградное, масло миндальное, какао порошок, кукурузный крахмал, парфюмерная композиция",соль | масло ши | масло кокоса | масло виноградное | масло миндальное | какао порошок | кукурузный крахмал | парфюмерная композиция,8,True,парфюмерная композиция,"на чистую влажную кожу нанести круговыми движениями, массировать кожу 3-5 минут, смыть теплой водой.Состав: соль, масло ши, масло кокоса, масло виноградное, масло миндальное, какао порошок, кукурузный крахмал, парфюмерная композиция",,"не использовать скраб ежедневно (1-2 раза в неделю), не скрабировать слишком сильно (во избежание повреждения эпидермиса), предварительно протестировать на отдельном участке кожи на аллергическую реакцию, не для приема внутрь",индивидуальная непереносимость компонентов,"плотно закрытым при температуре от +5°С до +25°С, избегать попадания влаги и прямых солнечных лучей",,"Способ применения: на чистую влажную кожу нанести круговыми движениями, массировать кожу 3-5 минут, смыть теплой водой.Состав: соль, масло ши, масло кокоса, масло виноградное, масло миндальное, какао порошок, кукурузный крахмал, парфюмерная композиция.Меры предосторожности:не использовать скраб ежедневно (1-2 раза в неделю), не скрабировать слишком сильно (во избежание повреждения эпидермиса), предварительно протестировать на отдельном участке кожи на аллергическую реакцию, не для приема внутрь.Противопоказания: индивидуальная непереносимость компонентов.Условия хранения: плотно закрытым при температуре от +5°С до +25°С, избегать попадания влаги и прямых солнечных лучей.ТУ 20.42.15-014-00759251-2020Срок годности: 24 месяца",partial,эффекты: эксфолиация,Скраб для тела мед и шоколад | тело | специальный уход | скраб | эксфолиация | масло миндальное | масло ши,https://socrimea.ru/catalog/telo/skrab_dlya_tela_med_i_shokolad_500_g_markirovka/,https://socrimea.ru/upload/iblock/463/opk6s5ehlirv6oyhdj89m69tpmhv1vaq.jpg,False,скраб_скраб_для_тела_мед_и_шоколад_,2,https://socrimea.ru/catalog/telo/ochishchenie_3/skrab_dlya_tela_med_i_shokolad_250_g_markirovka/,SOC_0143
telo_all.json,тело,2,Скраб для тела роза и сандал,тело,специальный уход,скраб,тело,,,,,,эксфолиация,масло ши | экстракт розы,"сахар, масло ши, масло кокоса, масло миндальных косточек, экстракт розы, кукурузный крахмал, эфирное масло сандала, парфюмерная композиция",сахар | масло ши | масло кокоса | масло миндальных косточек | экстракт розы | кукурузный крахмал | эфирное масло сандала | парфюмерная композиция,8,True,парфюмерная композиция,"на чистую влажную кожу нанести круговыми движениями, массировать кожу 3-5 минут, смыть теплой водой.Состав: сахар, масло ши, масло кокоса, масло миндальных косточек, экстракт розы, кукурузный крахмал, эфирное масло сандала, парфюмерная композиция",,"не использовать скраб ежедневно (1-2 раза в неделю), не скрабировать слишком сильно (во избежание повреждения эпидермиса), предварительно протестировать на отдельном участке кожи на аллергическую реакцию, не для приема внутрь",индивидуальная непереносимость компонентов,"плотно закрытым при температуре от +5°С до +25°С, избегать попадания влаги и прямых солнечных лучей",,"Способ применения: на чистую влажную кожу нанести круговыми движениями, массировать кожу 3-5 минут, смыть теплой водой.Состав: сахар, масло ши, масло кокоса, масло миндальных косточек, экстракт розы, кукурузный крахмал, эфирное масло сандала, парфюмерная композиция.Меры предосторожности:не использовать скраб ежедневно (1-2 раза в неделю), не скрабировать слишком сильно (во избежание повреждения эпидермиса), предварительно протестировать на отдельном участке кожи на аллергическую реакцию, не для приема внутрь.Противопоказания: индивидуальная непереносимость компонентов.Условия хранения: плотно закрытым при температуре от +5°С до +25°С, избегать попадания влаги и прямых солнечных лучей.ТУ 20.42.15-014-00759251-2020Срок годности: 24 месяца",partial,эффекты: эксфолиация,Скраб для тела роза и сандал | тело | специальный уход | скраб | эксфолиация | масло ши | экстракт розы,https://socrimea.ru/catalog/telo/ochishchenie_3/skrab_dlya_tela_roza_i_sandal_250_g_markirovka/,https://socrimea.ru/upload/iblock/418/a2ndq9r68rivlv061kh451rim86jv8ln.jpg,False,скраб_скраб_для_тела_роза_и_сандал_,2,https://socrimea.ru/catalog/telo/ochishchenie_3/skrab_dlya_tela_roza_i_sandal_500_g_markirovka/,SOC_0144
telo_all.json,тело,12,Скраб для тела черный тмин и имбирь тимохиноном,тело,специальный уход,скраб,тело,,,,,,эксфолиация,масло кокосовое | масло розмарина | масло ши | сквалан | черного тмина | эфирное масло розмарина,"соль, жмых черного тмина, масло ши, масло черного тмина, масло кокосовое, эфирное масло грейпфрута, сквалан, эфирное масло имбиря, эфирное масло розмарина, ионол",соль | жмых черного тмина | масло ши | масло черного тмина | масло кокосовое | эфирное масло грейпфрута | сквалан | эфирное масло имбиря | эфирное масло розмарина | ионол,10,True,ионол | эфирное масло грейпфрута | эфирное масло имбиря | эфирное масло розмарина,"на чистую влажную кожу нанести круговыми движениями, массировать кожу 3-5 минут, смыть теплой водой.Состав: соль, жмых черного тмина, масло ши, масло черного тмина, масло кокосовое, эфирное масло грейпфрута, сквалан, эфирное масло имбиря, эфирное масло розмарина, ионол",,"не использовать скраб ежедневно (1-2 раза в неделю), не скрабировать слишком сильно (во избежание повреждения эпидермиса), предварительно протестировать на отдельном участке кожи на аллергическую реакцию, не для приема внутрь","кожные заболевания, высыпания воспалительного характера, аллергия на компоненты средства, царапины, порезы, ожоги, слишком чувствительная кожа, противопоказан детям, индивидуальная непереносимость компонентов","плотно закрытым при температуре от +5°С до +25°С, избегать попадания влаги и прямых солнечных лучей",,"Способ применения: на чистую влажную кожу нанести круговыми движениями, массировать кожу 3-5 минут, смыть теплой водой.Состав: соль, жмых черного тмина, масло ши, масло черного тмина, масло кокосовое, эфирное масло грейпфрута, сквалан, эфирное масло имбиря, эфирное масло розмарина, ионол.Меры предосторожности:не использовать скраб ежедневно (1-2 раза в неделю), не скрабировать слишком сильно (во избежание повреждения эпидермиса), предварительно протестировать на отдельном участке кожи на аллергическую реакцию, не для приема внутрь.Противопоказания: кожные заболевания, высыпания воспалительного характера, аллергия на компоненты средства, царапины, порезы, ожоги, слишком чувствительная кожа, противопоказан детям, индивидуальная непереносимость компонентов.Условия хранения: плотно закрытым при температуре от +5°С до +25°С, избегать попадания влаги и прямых солнечных лучей.ТУ 20.42.15-014-00759251-2020Срок годности: 24 месяца",partial,эффекты: эксфолиация,Скраб для тела черный тмин и имбирь тимохиноном | тело | специальный уход | скраб | эксфолиация | масло кокосовое | масло розмарина | масло ши | сквалан | черного тмина | эфирное масло розмарина,https://socrimea.ru/catalog/telo/skrab_dlya_tela_chernyy_tmin_i_imbir_s_timokhinonom_500_g_markirovka/,https://socrimea.ru/upload/iblock/237/r0evlhcsoy24u5on3b4pfeolxlfl2l0b.jpg,False,скраб_скраб_для_тела_черный_тмин_и_имбирь_тимохиноном_,2,https://socrimea.ru/catalog/telo/ochishchenie_3/skrab_dlya_tela_chernyy_tmin_i_imbir_s_timokhinonom_250_g_markirovka/,SOC_0145
telo_all.json,тело,10,Скраб для тела черный тмин и красный перец тимохиноном,тело,специальный уход,скраб,тело,,,,,,эксфолиация,масло кокосовое | масло шалфея | масло ши | сквалан | черного тмина | эфирное масло шалфея,"соль, жмых черного тмина, масло ши, масло черного тмина, масло рапсовое, масло кокосовое, олеорезин черного перца, перец красный молотый, эфирное масло апельсина, сквалан, эфирное масло шалфея, ионол",соль | жмых черного тмина | масло ши | масло черного тмина | масло рапсовое | масло кокосовое | олеорезин черного перца | перец красный молотый | эфирное масло апельсина | сквалан | эфирное масло шалфея | ионол,12,True,ионол | олеорезин черного перца | эфирное масло апельсина | эфирное масло шалфея,"на чистую влажную кожу нанести круговыми движениями, массировать кожу 3-5 минут, смыть теплой водой.Состав: соль, жмых черного тмина, масло ши, масло черного тмина, масло рапсовое, масло кокосовое, олеорезин черного перца, перец красный молотый, эфирное масло апельсина, сквалан, эфирное масло шалфея, ионол",,"не использовать скраб ежедневно (1-2 раза в неделю), не скрабировать слишком сильно (во избежание повреждения эпидермиса), предварительно протестировать на отдельном участке кожи на аллергическую реакцию, не для приема внутрь","кожные заболевания, высыпания воспалительного характера, аллергия на компоненты средства, царапины, порезы, ожоги, слишком чувствительная кожа, противопоказан детям, индивидуальная непереносимость компонентов","плотно закрытым при температуре от +5°С до +25°С, избегать попадания влаги и прямых солнечных лучей",,"Способ применения: на чистую влажную кожу нанести круговыми движениями, массировать кожу 3-5 минут, смыть теплой водой.Состав: соль, жмых черного тмина, масло ши, масло черного тмина, масло рапсовое, масло кокосовое, олеорезин черного перца, перец красный молотый, эфирное масло апельсина, сквалан, эфирное масло шалфея, ионол.Меры предосторожности:не использовать скраб ежедневно (1-2 раза в неделю), не скрабировать слишком сильно (во избежание повреждения эпидермиса), предварительно протестировать на отдельном участке кожи на аллергическую реакцию, не для приема внутрь.Противопоказания: кожные заболевания, высыпания воспалительного характера, аллергия на компоненты средства, царапины, порезы, ожоги, слишком чувствительная кожа, противопоказан детям, индивидуальная непереносимость компонентов.Условия хранения: плотно закрытым при температуре от +5°С до +25°С, избегать попадания влаги и прямых солнечных лучей.ТУ 20.42.15-014-00759251-2020Срок годности: 24 месяца",partial,эффекты: эксфолиация,Скраб для тела черный тмин и красный перец тимохиноном | тело | специальный уход | скраб | эксфолиация | масло кокосовое | масло шалфея | масло ши | сквалан | черного тмина | эфирное масло шалфея,https://socrimea.ru/catalog/telo/skrab_dlya_tela_chernyy_tmin_i_krasnyy_perets_s_timokhinonom_500_g_markirovka/,https://socrimea.ru/upload/iblock/d1f/gb4v6ky7h09enyd16wrum3vbadvp8y0y.jpg,False,скраб_скраб_для_тела_черный_тмин_и_красный_перец_тимохиноном_,2,https://socrimea.ru/catalog/telo/ochishchenie_3/skrab_dlya_tela_chernyy_tmin_i_krasnyy_perets_s_timokhinonom_250_g_markirovka/,SOC_0146
telo_all.json,тело,91,Соль для ванн арома микс,тело,специальный уход,соль для ванн,тело,,,,,потеря упругости,расслабление | тонизирование | укрепление,соль из озера сасык-сиваш,"соль из озера Сасык-Сиваш, натуральные эфирные масла розового дерева, горной лаванды, грейпфрута, иланг-иланга",соль из озера Сасык-Сиваш | натуральные эфирные масла розового дерева | горной лаванды | грейпфрута | иланг-иланга,5,True,,"2-3 столовых ложки ароматизированной морской соли растворить в ванне с теплой водой. Время приема ароматической ванны не более 20 минут.Показания к применению: укрепляет нервную систему; снимает усталость; способствует расслаблению, полноценному отдыху; стимулирует иммунную систему; тонизирует, повышает эластичность кожи; афродизиак.Состав: соль из озера Сасык-Сиваш, натуральные эфирные масла розового дерева, горной лаванды, грейпфрута, иланг-иланга","укрепляет нервную систему; снимает усталость; способствует расслаблению, полноценному отдыху; стимулирует иммунную систему; тонизирует, повышает эластичность кожи; афродизиак",,"с осторожностью при заболеваниях сердечно-сосудистой системы; индивидуальная непереносимость, беременность","плотно закрытым при температуре от +5°С до +25°С, избегать попадания влаги и прямых солнечных лучей.Противопоказания: с осторожностью при заболеваниях сердечно-сосудистой системы; индивидуальная непереносимость, беременность",,"Способ применения: 2-3 столовых ложки ароматизированной морской соли растворить в ванне с теплой водой. Время приема ароматической ванны не более 20 минут.Показания к применению: укрепляет нервную систему; снимает усталость; способствует расслаблению, полноценному отдыху; стимулирует иммунную систему; тонизирует, повышает эластичность кожи; афродизиак.Состав: соль из озера Сасык-Сиваш, натуральные эфирные масла розового дерева, горной лаванды, грейпфрута, иланг-иланга.Условия хранения: плотно закрытым при температуре от +5°С до +25°С, избегать попадания влаги и прямых солнечных лучей.Противопоказания: с осторожностью при заболеваниях сердечно-сосудистой системы; индивидуальная непереносимость, беременность.ТУ 10.83.15-003-00759251-2019Срок годности: 24 месяца",partial,"проблемы: потеря упругости; эффекты: расслабление, тонизирование, укрепление",Соль для ванн арома микс | тело | специальный уход | соль для ванн | потеря упругости | расслабление | тонизирование | укрепление | соль из озера сасык-сиваш,https://socrimea.ru/catalog/telo/sol_dlya_vann_aroma_miks_500_g_markirovka/,https://socrimea.ru/upload/iblock/6ca/2vdeb6nbttxqbzjo5wzjb7il5eyhkl3q.jpg,False,соль для ванн_соль_для_ванн_арома_микс_,1,,SOC_0147
telo_all.json,тело,43,Соль для ванн эвакалипт,тело,специальный уход,соль для ванн,тело,,,,,зуд,антибактериальный эффект | расслабление | укрепление,соль из озера сасык-сиваш,"соль из озера Сасык-Сиваш, натуральное эфирное масло эвкалипта",соль из озера Сасык-Сиваш | натуральное эфирное масло эвкалипта,2,True,эфирное масло эвкалипта,"2-3 столовых ложки ароматизированной морской соли растворить в ванне с теплой водой. Время приема ароматической ванны не более 20 минут.Показания к применению: оказывает антибактериальное и противовирусное действие; снижает артериальное давление; снимает кожный зуд; укрепляет иммунную систему; снимает усталость, концентрирует внимание; укрепляет волосы.Состав: соль из озера Сасык-Сиваш, натуральное эфирное масло эвкалипта","оказывает антибактериальное и противовирусное действие; снижает артериальное давление; снимает кожный зуд; укрепляет иммунную систему; снимает усталость, концентрирует внимание; укрепляет волосы",,"с осторожностью при заболеваниях сердечно-сосудистой системы; индивидуальная непереносимость, беременность","плотно закрытым при температуре от +5°С до +25°С, избегать попадания влаги и прямыхсолнечных лучейПротивопоказания: с осторожностью при заболеваниях сердечно-сосудистой системы; индивидуальная непереносимость, беременность",,"Способ применения: 2-3 столовых ложки ароматизированной морской соли растворить в ванне с теплой водой. Время приема ароматической ванны не более 20 минут.Показания к применению: оказывает антибактериальное и противовирусное действие; снижает артериальное давление; снимает кожный зуд; укрепляет иммунную систему; снимает усталость, концентрирует внимание; укрепляет волосы.Состав: соль из озера Сасык-Сиваш, натуральное эфирное масло эвкалипта.Условия хранения: плотно закрытым при температуре от +5°С до +25°С, избегать попадания влаги и прямыхсолнечных лучейПротивопоказания: с осторожностью при заболеваниях сердечно-сосудистой системы; индивидуальная непереносимость, беременность.ТУ 10.83.15-003-00759251-2019Срок годности: 24 месяца",partial,"проблемы: зуд; эффекты: антибактериальный эффект, расслабление, укрепление",Соль для ванн эвакалипт | тело | специальный уход | соль для ванн | зуд | антибактериальный эффект | расслабление | укрепление | соль из озера сасык-сиваш,https://socrimea.ru/catalog/telo/ukhod_3/sol_dlya_vann_evkalipt_500_g_markirovka/,https://socrimea.ru/upload/iblock/0c4/fnxckavoqrg3lez65i0kuj3lj6o8nu8t.jpg,False,соль для ванн_соль_для_ванн_эвакалипт_,1,,SOC_0148
telo_all.json,тело,40,Соль для ванн морская,тело,специальный уход,соль для ванн,тело,,,,,целлюлит,расслабление,соль из озера сасык-сиваш,соль из озера Сасык-Сиваш,соль из озера Сасык-Сиваш,1,True,,"2-3 столовых ложки ароматизированной морской соли растворить в ванне с теплой водой. Время приема ароматической ванны не более 20 минут.Показания к применению: ванны с солью способствуют активации организма; благоприятно кожу; отлично снимают стресс, нервной системы; расслабляют мышцы, снимают крепатуру, помогают при заболевании суставов, ревматизме, остеохондрозе; помогают в борьбе с целлюлитом.Состав: соль из озера Сасык-Сиваш","ванны с солью способствуют активации организма; благоприятно кожу; отлично снимают стресс, нервной системы; расслабляют мышцы, снимают крепатуру, помогают при заболевании суставов, ревматизме, остеохондрозе; помогают в борьбе с целлюлитом",,"с осторожностью при заболеваниях сердечно-сосудистой системы; индивидуальная непереносимость, беременность","плотно закрытым при температуре от +5°С до +25°С, избегать попадания влаги и прямыхсолнечных лучей.Противопоказания: с осторожностью при заболеваниях сердечно-сосудистой системы; индивидуальная непереносимость, беременность",,"Способ применения: 2-3 столовых ложки ароматизированной морской соли растворить в ванне с теплой водой. Время приема ароматической ванны не более 20 минут.Показания к применению: ванны с солью способствуют активации организма; благоприятно кожу; отлично снимают стресс, нервной системы; расслабляют мышцы, снимают крепатуру, помогают при заболевании суставов, ревматизме, остеохондрозе; помогают в борьбе с целлюлитом.Состав: соль из озера Сасык-Сиваш.Условия хранения: плотно закрытым при температуре от +5°С до +25°С, избегать попадания влаги и прямыхсолнечных лучей.Противопоказания: с осторожностью при заболеваниях сердечно-сосудистой системы; индивидуальная непереносимость, беременность.ТУ 10.83.15-003-00759251-2019Срок годности: 24 месяца",partial,проблемы: целлюлит; эффекты: расслабление,Соль для ванн морская | тело | специальный уход | соль для ванн | целлюлит | расслабление | соль из озера сасык-сиваш,https://socrimea.ru/catalog/telo/ukhod_3/sol_dlya_vann_morskaya_500_g_markirovka/,https://socrimea.ru/upload/iblock/1d1/2xmpd11fvtkq5byr1tcto4og8ojhuoti.jpg,False,соль для ванн_соль_для_ванн_морская_,1,,SOC_0149
telo_all.json,тело,3,Соль для ванн лаванда,тело,специальный уход,соль для ванн,тело,,,,,,восстановление | укрепление,масло лаванды | соль из озера сасык-сиваш | эфирное масло лаванды,"соль из озера Сасык-Сиваш, натуральное эфирное масло лаванды",соль из озера Сасык-Сиваш | натуральное эфирное масло лаванды,2,True,эфирное масло лаванды,"2-3 столовых ложки ароматизированной морской соли растворить в ванне с теплой водой. Время приема ароматической ванны не более 20 минут.Показания к применению: помогает при лечении простуды, гриппа, бронхита, насморка; снимает воспалительные процессы на коже, стимулирует процесс заживления; восстанавливает защитные силы организма; укрепляет волосы; антидепрессант.Состав: соль из озера Сасык-Сиваш, натуральное эфирное масло лаванды","помогает при лечении простуды, гриппа, бронхита, насморка; снимает воспалительные процессы на коже, стимулирует процесс заживления; восстанавливает защитные силы организма; укрепляет волосы; антидепрессант",,"с осторожностью при заболеваниях сердечно-сосудистой системы; индивидуальная непереносимость, беременность","плотно закрытым при температуре от +5°С до +25°С, избегать попадания влаги и прямыхсолнечных лучейПротивопоказания: с осторожностью при заболеваниях сердечно-сосудистой системы; индивидуальная непереносимость, беременность",,"Способ применения: 2-3 столовых ложки ароматизированной морской соли растворить в ванне с теплой водой. Время приема ароматической ванны не более 20 минут.Показания к применению: помогает при лечении простуды, гриппа, бронхита, насморка; снимает воспалительные процессы на коже, стимулирует процесс заживления; восстанавливает защитные силы организма; укрепляет волосы; антидепрессант.Состав: соль из озера Сасык-Сиваш, натуральное эфирное масло лаванды.Условия хранения: плотно закрытым при температуре от +5°С до +25°С, избегать попадания влаги и прямыхсолнечных лучейПротивопоказания: с осторожностью при заболеваниях сердечно-сосудистой системы; индивидуальная непереносимость, беременность.ТУ 10.83.15-003-00759251-2019Срок годности: 24 месяца",partial,"эффекты: восстановление, укрепление",Соль для ванн лаванда | тело | специальный уход | соль для ванн | восстановление | укрепление | масло лаванды | соль из озера сасык-сиваш | эфирное масло лаванды,https://socrimea.ru/catalog/telo/ukhod_3/sol_dlya_vann_lavanda_500_g_markirovka/,https://socrimea.ru/upload/iblock/7ed/sg23j1z8ln1ho6fym6ufsh2asv64qc0w.jpg,False,соль для ванн_соль_для_ванн_лаванда_,1,,SOC_0150
telo_all.json,тело,41,Соль для ванн можжевельник,тело,специальный уход,соль для ванн,тело,,,,,воспаления,восстановление | противовоспалительный эффект | укрепление,соль из озера сасык-сиваш,"соль из озера Сасык-Сиваш, натуральное эфирное масло можжевельника",соль из озера Сасык-Сиваш | натуральное эфирное масло можжевельника,2,True,,"2-3 столовых ложки ароматизированной морской соли растворить в ванне с теплой водой. Время приема ароматической ванны не более 20 минут.Показания к применению: помогает при воспалении верхних дыхательных путей, способствует разжижению мокроты; понижает артериальное давление; укрепляет иммунную систему; заживляет и восстанавливает кожные покровы.Состав: соль из озера Сасык-Сиваш, натуральное эфирное масло можжевельника","помогает при воспалении верхних дыхательных путей, способствует разжижению мокроты; понижает артериальное давление; укрепляет иммунную систему; заживляет и восстанавливает кожные покровы",,"с осторожностью при заболеваниях сердечно-сосудистой системы; индивидуальная непереносимость, беременность","плотно закрытым при температуре от +5°С до +25°С, избегать попадания влаги и прямыхсолнечных лучей.Противопоказания: с осторожностью при заболеваниях сердечно-сосудистой системы; индивидуальная непереносимость, беременность",,"Способ применения: 2-3 столовых ложки ароматизированной морской соли растворить в ванне с теплой водой. Время приема ароматической ванны не более 20 минут.Показания к применению: помогает при воспалении верхних дыхательных путей, способствует разжижению мокроты; понижает артериальное давление; укрепляет иммунную систему; заживляет и восстанавливает кожные покровы.Состав: соль из озера Сасык-Сиваш, натуральное эфирное масло можжевельника.Условия хранения: плотно закрытым при температуре от +5°С до +25°С, избегать попадания влаги и прямыхсолнечных лучей.Противопоказания: с осторожностью при заболеваниях сердечно-сосудистой системы; индивидуальная непереносимость, беременность.ТУ 10.83.15-003-00759251-2019Срок годности: 24 месяца",partial,"проблемы: воспаления; эффекты: восстановление, противовоспалительный эффект, укрепление",Соль для ванн можжевельник | тело | специальный уход | соль для ванн | воспаления | восстановление | противовоспалительный эффект | укрепление | соль из озера сасык-сиваш,https://socrimea.ru/catalog/telo/ukhod_3/sol_dlya_vann_mozhzhevelnik_500_g_markirovka/,https://socrimea.ru/upload/iblock/03a/5jj7tsi0scuirwym03qn99i4mlj3tje3.jpg,False,соль для ванн_соль_для_ванн_можжевельник_,1,,SOC_0151
telo_all.json,тело,29,Воск-крем для ног заживляющий Лаванда,тело,уход,воск-крем,ноги,,,,,,восстановление | питание,витамин а | витамин е | масло кокосовое | масло макадамии | масло миндальное | масло розмарина | масло ши | экстракт лаванды | экстракт розмарина | эфирное масло розмарина,"масло миндальное, воск пчелиный, масло кокосовое, масло макадамии, эфирное масло степной лаванды, ланолин, масло ши, витамин Е, экстракт розмарина, экстракт лаванды, витамин А, эфирное масло чайного дерева, эфирное масло розмарина, ионол",масло миндальное | воск пчелиный | масло кокосовое | масло макадамии | эфирное масло степной лаванды | ланолин | масло ши | витамин Е | экстракт розмарина | экстракт лаванды | витамин А | эфирное масло чайного дерева | эфирное масло розмарина | ионол,14,True,витамин а | ионол | ланолин | эфирное масло розмарина | эфирное масло чайного дерева,,,,индивидуальная непереносимость компонентов,,Воск-крем для ног заживляющий Лаванда.,"Воск-крем для ног заживляющий Лаванда.Состав: масло миндальное, воск пчелиный, масло кокосовое, масло макадамии, эфирное масло степной лаванды, ланолин, масло ши, витамин Е, экстракт розмарина, экстракт лаванды, витамин А, эфирное масло чайного дерева, эфирное масло розмарина, ионол.Средство для интенсивного ухода за кожей ног. Защищает от огрубения и появления трещин, делая кожу мягкой и гладкой. Экстракт лаванды ускоряет заживление повреждений кожи, насыщает ее микро- и макроэлементами, предупреждает потерю влаги, улучшает кровообращение. Комплекс эфирных масел (степная лаванда, чайное дерево, розмарин) способствует регенерации поврежденных клеток, оказывает бактерицидное и противовоспалительное действие, заживляет трещины, оказывает дезодорирующий эффект. Пчелиный воск обеспечивает бережный уход, интенсивно увлажняет, смягчает, восстанавливая кожу. Витамин Е стимулирует процессы регенерации, питает и укрепляет сосуды. Витамин А (ретинол) поддерживает молодость клеток, усиливая защитные свойства. Комп",good,"эффекты: восстановление, питание",Воск-крем для ног заживляющий Лаванда | тело | уход | воск-крем | ноги | восстановление | питание | витамин а | витамин е | масло кокосовое | масло макадамии | масло миндальное | масло розмарина | масло ши | экстракт лаванды | экстракт розмарина | эфирное масло розмарина,https://socrimea.ru/catalog/telo/vosk_krem_dlya_nog_zazhivlyayushchiy_lavanda_s_timokhinonom_50_ml_markirovka/,https://socrimea.ru/upload/iblock/f19/v3mmufyhijqsm75te93y7n7uxfn04k63.jpg,False,крем_воск_крем_для_ног_заживляющий_лаванда_,1,,SOC_0152
telo_all.json,тело,24,Воск-крем для ног заживляющий Роза,тело,уход,воск-крем,ноги,,,,,,восстановление | питание,витамин а | витамин е | масло кокосовое | масло макадамии | масло миндальное | масло розмарина | масло ши | экстракт розы | эфирное масло розмарина,"масло миндальное, воск пчелиный, масло кокосовое, масло макадамии, ланолин, масло ши, эфирное масло герани, эфирное масло пальмарозы, витамин Е, витамин А, экстракт розы, эфирное масло чайного дерева, эфирное масло розмарина, ионол",масло миндальное | воск пчелиный | масло кокосовое | масло макадамии | ланолин | масло ши | эфирное масло герани | эфирное масло пальмарозы | витамин Е | витамин А | экстракт розы | эфирное масло чайного дерева | эфирное масло розмарина | ионол,14,True,витамин а | ионол | ланолин | эфирное масло герани | эфирное масло пальмарозы | эфирное масло розмарина | эфирное масло чайного дерева,,,,индивидуальная непереносимость компонентов,,Воск-крем для ног заживляющий Роза.,"Воск-крем для ног заживляющий Роза.Состав: масло миндальное, воск пчелиный, масло кокосовое, масло макадамии, ланолин, масло ши, эфирное масло герани, эфирное масло пальмарозы, витамин Е, витамин А, экстракт розы, эфирное масло чайного дерева, эфирное масло розмарина, ионол.Средство для интенсивного ухода за кожей ног. Защищает от огрубения и появления трещин, делая кожу мягкой и гладкой. Экстракт розы увлажняет и питает кожу витаминами, устраняет шелушения, активизируя обменные процессы. Комплекс эфирных масел (пальмароза, герань, чайное дерево, розмарин) способствует регенерации поврежденных клеток, оказывает бактерицидное и противовоспалительное действие, заживляет трещины, оказывает дезодорирующий эффект. Пчелиный воск обеспечивает бережный уход, интенсивно увлажняет, смягчает, восстанавливая кожу. Витамин Е стимулирует процессы регенерации, питает и укрепляет сосуды. Витамин А (ретинол) поддерживает молодость клеток, усиливая защитные свойства.Комплекс органических масел (миндаль, кокос, макадамия",good,"эффекты: восстановление, питание",Воск-крем для ног заживляющий Роза | тело | уход | воск-крем | ноги | восстановление | питание | витамин а | витамин е | масло кокосовое | масло макадамии | масло миндальное | масло розмарина | масло ши | экстракт розы | эфирное масло розмарина,https://socrimea.ru/catalog/telo/vosk_krem_dlya_nog_zazhivlyayushchiy_roza_s_timokhinonom_50_ml_markirovka/,https://socrimea.ru/upload/iblock/1a0/jojdhej40s72p9c0a2415qgn99vqve1a.jpg,False,крем_воск_крем_для_ног_заживляющий_роза_,1,,SOC_0153
telo_all.json,тело,88,Воск-крем для рук заживляющий Лаванда,тело,уход,воск-крем,руки,,,,,,восстановление | питание,витамин а | витамин е | масло кокосовое | масло макадамии | масло миндальное | масло ши,"масло миндальное, воск пчелиный, масло кокосовое, масло макадамии, эфирное масло степной лаванды, ланолин, масло ши, витамин Е, витамин А, ионол",масло миндальное | воск пчелиный | масло кокосовое | масло макадамии | эфирное масло степной лаванды | ланолин | масло ши | витамин Е | витамин А | ионол,10,True,витамин а | ионол | ланолин,,,,индивидуальная непереносимость компонентов,,Воск-крем для рук заживляющий Лаванда.,"Воск-крем для рук заживляющий Лаванда.Состав: масло миндальное, воск пчелиный, масло кокосовое, масло макадамии, эфирное масло степной лаванды, ланолин, масло ши, витамин Е, витамин А, ионол.Средство для глубокого эффективного ухода за кожей рук. Крем – воск восстанавливает и защищает от агрессивного воздействия внешних факторов (воды, мороза, жары), возвращая гладкость, шелковистость и красоту нежной коже рук. Эфирное масло степной лаванды способствует регенерации поврежденных клеток, восстанавливает баланс микробиома кожи, повышая местный иммунитет, восстанавливает защитный барьер, стимулирует микроциркуляцию, делая кожу мягкой. Пчелиный воск обеспечивает бережный уход, интенсивно увлажняет, смягчает, восстанавливая ее. Органические масла миндаля, кокоса, макадамии и ши глубоко питают, разглаживают морщинки, предотвращая преждевременное старение, удерживают влагу в коже, делая ее гладкой. Витамин Е стимулирует процессы регенерации, обеспечивает антиоксидантную защиту, питает и укрепляет сосуды. Витами",good,"эффекты: восстановление, питание",Воск-крем для рук заживляющий Лаванда | тело | уход | воск-крем | руки | восстановление | питание | витамин а | витамин е | масло кокосовое | масло макадамии | масло миндальное | масло ши,https://socrimea.ru/catalog/telo/ruki/ukhod_2/vosk_krem_dlya_ruk_zazhivlyayushchiy_lavanda_s_timokhinonom_50_ml_markirovka/,https://socrimea.ru/upload/iblock/3af/mv6111g6t2fj1iqle0kggxfcrk6h5ys1.jpg,False,крем_воск_крем_для_рук_заживляющий_лаванда_,1,,SOC_0154
telo_all.json,тело,87,Воск-крем для рук заживляющий Роза,тело,уход,воск-крем,руки,,,,,,восстановление | питание,витамин а | витамин е | масло кокосовое | масло макадамии | масло миндальное | масло ши | экстракт розы,"масло миндальное, воск пчелиный, масло кокосовое, масло макадамии, ланолин, масло ши, эфирное масло герани, эфирное масло пальмарозы, витамин Е, витамин А, экстракт розы, ионол",масло миндальное | воск пчелиный | масло кокосовое | масло макадамии | ланолин | масло ши | эфирное масло герани | эфирное масло пальмарозы | витамин Е | витамин А | экстракт розы | ионол,12,True,витамин а | ионол | ланолин | эфирное масло герани | эфирное масло пальмарозы,,,,индивидуальная непереносимость компонентов,,Воск-крем для рук заживляющий Роза.,"Воск-крем для рук заживляющий Роза.Состав: масло миндальное, воск пчелиный, масло кокосовое, масло макадамии, ланолин, масло ши, эфирное масло герани, эфирное масло пальмарозы, витамин Е, витамин А, экстракт розы, ионол.Средство для глубокого эффективного ухода за кожей рук. Воск – крем восстанавливает и защищает от агрессивного воздействия внешних факторов (воды, мороза, жары), возвращая гладкость, шелковистость и красоту нежной коже рук. Экстракт розы насыщает кожу влагой и витаминами, устраняет шелушения и покраснения. Эфирные масла пальмарозы и герани активизируют обменные процессы, ускоряют регенерацию поврежденных клеток, смягчают воспаления, тонизируют и делают кожу шелковистой. Пчелиный воск обеспечивает бережный уход, интенсивно увлажняет, смягчает, восстанавливая ее. Органические масла миндаля, кокоса, макадамии и ши глубоко питают, разглаживают морщинки, предотвращая преждевременное старение, удерживают влагу в коже, делая ее гладкой. Витамин Е стимулирует процессы регенерации, обеспечивает а",good,"эффекты: восстановление, питание",Воск-крем для рук заживляющий Роза | тело | уход | воск-крем | руки | восстановление | питание | витамин а | витамин е | масло кокосовое | масло макадамии | масло миндальное | масло ши | экстракт розы,https://socrimea.ru/catalog/telo/ruki/ukhod_2/vosk_krem_dlya_ruk_zazhivlyayushchiy_roza_s_timokhinonom_50_ml_markirovka/,https://socrimea.ru/upload/iblock/ca0/fyskjzl3h2gwfr6xr7huhvhxwmfd0nrg.jpg,False,крем_воск_крем_для_рук_заживляющий_роза_,1,,SOC_0155
telo_all.json,тело,9,Крем для диабетической кожи тимохиноном,тело,уход,крем,руки | ноги,,,сухая,,повреждение | сухость | шелушение,восстановление | очищение | питание | смягчение,аллантоин | лимонная кислота | пантенол | прополис | пчелиная пыльца | тимохинон | черного тмина | экстракт календулы | экстракт прополиса | экстракт черного тмина,"вода очищенная, парафиновое масло, кукурузное масло, масло оливковое, пантенол, каприлик/каприк триглицерид, кориандровый мёд, этилгексил стеарат, цетиловый спирт, цетеариловый спирт, миристиновая кислота, стеариновая кислота, глицерил моностеарат, масло касторовок, изопропилмиристат, гидрогенизированное касторовое масло, парфюмерная композиция, экстракт черного тмина с тимохиноном, триэтаноламин, рисовый крахмал, бензоат натрия, агидол, экстракт календулы, трилон Б, экстракт прополиса, пчелиная пыльца, экстракт чабера, аллантоин, лимонная кислота, бикарбонат натрия",вода очищенная | парафиновое масло | кукурузное масло | масло оливковое | пантенол | каприлик/каприк триглицерид | кориандровый мёд | этилгексил стеарат | цетиловый спирт | цетеариловый спирт | миристиновая кислота | стеариновая кислота | глицерил моностеарат | масло касторовок | изопропилмиристат | гидрогенизированное касторовое масло | парфюмерная композиция | экстракт черного тмина с тимохиноном | триэтаноламин | рисовый крахмал | бензоат натрия | агидол | экстракт календулы | трилон Б | экстракт прополиса | пчелиная пыльца | экстракт чабера | аллантоин | лимонная кислота | бикарбонат натрия,30,True,мёд | парфюмерная композиция | прополис | пчелиная пыльца | экстракт прополиса,нанесите небольшое количество крема тонким слоем на поверхность кожи. Аккуратно распределите легкими массажными движениями до полного впитывания крема. Используйте крем дважды в сутки — утром и вечером,,во избежание побочных эффектов начните с небольшого количества крема и наблюдайте за реакцией кожи первые дни; избегать контакта с глазами и слизистыми оболочками,индивидуальная непереносимость компонентов,"плотно закрытым при температуре от +5°С до +25°С, избегать попадания прямых солнечных лучей","Заботьтесь о своей коже, особенно подверженной сухости и повреждениям. Мы создали уникальный продукт, предназначенный именно для вас. Экстракты черного тмина с ценнейшим тимохиноном, целебного чабера и ароматной календулы глубоко питают, восстанавливают баланс влаги и защищают вашу кожу от негативных внешних факторов. Натуральные компоненты прополис и пчелиная пыльца оказывают мощное заживляющее действие, стимулируют процессы обновления клеток и поддерживают здоровое состояние кожного покрова. Регулярное использование крема позволит вам забыть о неприятных ощущениях, связанных с повышенной сухостью и шелушением кожи. Теперь ваши руки и ноги будут мягкими, ухоженными и здоровыми каждый день. Этот нежный уход подарит вашей коже чувство комфорта и свежести, благодаря чему вы будете чувствовать себя уверенно и спокойно. Сделайте первый шаг навстречу здоровой коже вместе с нашим новым уникальным продуктом.","Заботьтесь о своей коже, особенно подверженной сухости и повреждениям. Мы создали уникальный продукт, предназначенный именно для вас. Экстракты черного тмина с ценнейшим тимохиноном, целебного чабера и ароматной календулы глубоко питают, восстанавливают баланс влаги и защищают вашу кожу от негативных внешних факторов. Натуральные компоненты прополис и пчелиная пыльца оказывают мощное заживляющее действие, стимулируют процессы обновления клеток и поддерживают здоровое состояние кожного покрова. Регулярное использование крема позволит вам забыть о неприятных ощущениях, связанных с повышенной сухостью и шелушением кожи. Теперь ваши руки и ноги будут мягкими, ухоженными и здоровыми каждый день. Этот нежный уход подарит вашей коже чувство комфорта и свежести, благодаря чему вы будете чувствовать себя уверенно и спокойно. Сделайте первый шаг навстречу здоровой коже вместе с нашим новым уникальным продуктом.Состав: вода очищенная, парафиновое масло, кукурузное масло, масло оливковое, пантенол, каприлик/каприк триглицерид, кориандровый мёд, этилгексил стеарат, цетиловый спирт, цетеариловый спирт, миристиновая кислота, стеариновая кислота, глицерил моностеарат, масло касторовок, изопропилмиристат, гидрогенизированное касторовое масло, парфюмерная композиция, экстракт черного тмина с тимохиноном, триэтаноламин, рисовый крахмал, бензоат натрия, агидол, экстракт календулы, трилон Б, экстракт прополиса, пчелиная пыльца, экстракт чабера, аллантоин, лимонная кислота, бикарбонат натрияСпособ применения: нанесите небольшое количество крема тонким слоем на поверхность кожи. Аккуратно распределите легкими массажными движениями до полного впитывания крема. Используйте крем дважды в сутки — утром и вечером. Для усиления эффекта возможно применение до трёх раз в день.Меры предосторожности: во избежание побочных эффектов начните с небольшого количества крема и наблюдайте за реакцией кожи первые дни; избегать контакта с глазами и слизистыми оболочкамиПротивопоказания: индивидуальная непереносимость компонентовУсловия хранения: плотно закрытым при температуре от +5°С до +25°С, избегать попадания прямых солнечных лучей.",good,"проблемы: повреждение, сухость, шелушение; эффекты: восстановление, очищение, питание, смягчение; тип кожи: сухая; тип волос: поврежденные, сухие",Крем для диабетической кожи тимохиноном | тело | уход | крем | руки | ноги | сухая | повреждение | сухость | шелушение | восстановление | очищение | питание | смягчение | аллантоин | лимонная кислота | пантенол | прополис | пчелиная пыльца | тимохинон | черного тмина | экстракт календулы | экстракт прополиса | экстракт черного тмина,https://socrimea.ru/catalog/telo/ukhod_3/krem_dlya_diabeticheskoy_kozhi_s_timokhinonom_40_ml_markirovka/,https://socrimea.ru/upload/iblock/f29/uiallug1aj82pe9fugi3uyflfe3y91tb.jpg,False,крем_крем_для_диабетической_кожи_тимохиноном_,2,https://socrimea.ru/catalog/telo/ukhod_3/aktsiya_krem_dlya_diabeticheskoy_kozhi_s_timokhinonom_40_ml_markirovka/,SOC_0156
telo_all.json,тело,54,Крем для диабетической кожи тимохиноном,тело,уход,крем,руки | ноги,40.0,мл,сухая,,повреждение | сухость | шелушение,восстановление | очищение | питание | смягчение,аллантоин | лимонная кислота | пантенол | прополис | пчелиная пыльца | тимохинон | черного тмина | экстракт календулы | экстракт прополиса | экстракт черного тмина,"вода очищенная, парафиновое масло, кукурузное масло, масло оливковое, пантенол, каприлик/каприк триглицерид, кориандровый мёд, этилгексил стеарат, цетиловый спирт, цетеариловый спирт, миристиновая кислота, стеариновая кислота, глицерил моностеарат, масло касторовок, изопропилмиристат, гидрогенизированное касторовое масло, парфюмерная композиция, экстракт черного тмина с тимохиноном, триэтаноламин, рисовый крахмал, бензоат натрия, агидол, экстракт календулы, трилон Б, экстракт прополиса, пчелиная пыльца, экстракт чабера, аллантоин, лимонная кислота, бикарбонат натрия",вода очищенная | парафиновое масло | кукурузное масло | масло оливковое | пантенол | каприлик/каприк триглицерид | кориандровый мёд | этилгексил стеарат | цетиловый спирт | цетеариловый спирт | миристиновая кислота | стеариновая кислота | глицерил моностеарат | масло касторовок | изопропилмиристат | гидрогенизированное касторовое масло | парфюмерная композиция | экстракт черного тмина с тимохиноном | триэтаноламин | рисовый крахмал | бензоат натрия | агидол | экстракт календулы | трилон Б | экстракт прополиса | пчелиная пыльца | экстракт чабера | аллантоин | лимонная кислота | бикарбонат натрия,30,True,мёд | парфюмерная композиция | прополис | пчелиная пыльца | экстракт прополиса,нанесите небольшое количество крема тонким слоем на поверхность кожи. Аккуратно распределите легкими массажными движениями до полного впитывания крема. Используйте крем дважды в сутки — утром и вечером,,во избежание побочных эффектов начните с небольшого количества крема и наблюдайте за реакцией кожи первые дни; избегать контакта с глазами и слизистыми оболочками,индивидуальная непереносимость компонентов,"плотно закрытым при температуре от +5°С до +25°С, избегать попадания прямых солнечных лучей","Заботьтесь о своей коже, особенно подверженной сухости и повреждениям. Мы создали уникальный продукт, предназначенный именно для вас. Экстракты черного тмина с ценнейшим тимохиноном, целебного чабера и ароматной календулы глубоко питают, восстанавливают баланс влаги и защищают вашу кожу от негативных внешних факторов. Натуральные компоненты прополис и пчелиная пыльца оказывают мощное заживляющее действие, стимулируют процессы обновления клеток и поддерживают здоровое состояние кожного покрова. Регулярное использование крема позволит вам забыть о неприятных ощущениях, связанных с повышенной сухостью и шелушением кожи. Теперь ваши руки и ноги будут мягкими, ухоженными и здоровыми каждый день. Этот нежный уход подарит вашей коже чувство комфорта и свежести, благодаря чему вы будете чувствовать себя уверенно и спокойно. Сделайте первый шаг навстречу здоровой коже вместе с нашим новым уникальным продуктом.","Заботьтесь о своей коже, особенно подверженной сухости и повреждениям. Мы создали уникальный продукт, предназначенный именно для вас. Экстракты черного тмина с ценнейшим тимохиноном, целебного чабера и ароматной календулы глубоко питают, восстанавливают баланс влаги и защищают вашу кожу от негативных внешних факторов. Натуральные компоненты прополис и пчелиная пыльца оказывают мощное заживляющее действие, стимулируют процессы обновления клеток и поддерживают здоровое состояние кожного покрова. Регулярное использование крема позволит вам забыть о неприятных ощущениях, связанных с повышенной сухостью и шелушением кожи. Теперь ваши руки и ноги будут мягкими, ухоженными и здоровыми каждый день. Этот нежный уход подарит вашей коже чувство комфорта и свежести, благодаря чему вы будете чувствовать себя уверенно и спокойно. Сделайте первый шаг навстречу здоровой коже вместе с нашим новым уникальным продуктом.Состав: вода очищенная, парафиновое масло, кукурузное масло, масло оливковое, пантенол, каприлик/каприк триглицерид, кориандровый мёд, этилгексил стеарат, цетиловый спирт, цетеариловый спирт, миристиновая кислота, стеариновая кислота, глицерил моностеарат, масло касторовок, изопропилмиристат, гидрогенизированное касторовое масло, парфюмерная композиция, экстракт черного тмина с тимохиноном, триэтаноламин, рисовый крахмал, бензоат натрия, агидол, экстракт календулы, трилон Б, экстракт прополиса, пчелиная пыльца, экстракт чабера, аллантоин, лимонная кислота, бикарбонат натрияСпособ применения: нанесите небольшое количество крема тонким слоем на поверхность кожи. Аккуратно распределите легкими массажными движениями до полного впитывания крема. Используйте крем дважды в сутки — утром и вечером. Для усиления эффекта возможно применение до трёх раз в день.Меры предосторожности: во избежание побочных эффектов начните с небольшого количества крема и наблюдайте за реакцией кожи первые дни; избегать контакта с глазами и слизистыми оболочкамиПротивопоказания: индивидуальная непереносимость компонентовУсловия хранения: плотно закрытым при температуре от +5°С до +25°С, избегать попадания прямых солнечных лучей.",good,"проблемы: повреждение, сухость, шелушение; эффекты: восстановление, очищение, питание, смягчение; тип кожи: сухая; тип волос: поврежденные, сухие",Крем для диабетической кожи тимохиноном | тело | уход | крем | руки | ноги | сухая | повреждение | сухость | шелушение | восстановление | очищение | питание | смягчение | аллантоин | лимонная кислота | пантенол | прополис | пчелиная пыльца | тимохинон | черного тмина | экстракт календулы | экстракт прополиса | экстракт черного тмина,https://socrimea.ru/catalog/telo/ukhod_3/aktsiya_krem_dlya_diabeticheskoy_kozhi_s_timokhinonom_40_ml/,https://socrimea.ru/upload/iblock/f29/uiallug1aj82pe9fugi3uyflfe3y91tb.jpg,True,крем_крем_для_диабетической_кожи_тимохиноном_40мл,1,,SOC_0157
telo_all.json,тело,42,Соль для маникюра,тело,уход,крем,ногти,200.0,мл,,,огрубение кожи,антибактериальный эффект | очищение | питание | смягчение | укрепление,масло лаванды | масло розмарина | мочевина | соль морская | эфирное масло лаванды | эфирное масло розмарина,"соль морская, сода кальцинированная, мочевина, натрия лаурилсульфат, эфирное масло лаванды, эфирное масло лимона, эфирное масло розмарина, эфирное масло эвкалипта",соль морская | сода кальцинированная | мочевина | натрия лаурилсульфат | эфирное масло лаванды | эфирное масло лимона | эфирное масло розмарина | эфирное масло эвкалипта,8,True,натрия лаурилсульфат | эфирное масло лаванды | эфирное масло розмарина | эфирное масло эвкалипта,"в 200 мл теплой воды растворить столовую ложку соли. Ее тщательно растворяют так, чтобы остался лишь небольшой осадок на дне. В раствор погружают пальчики на 10-15 минут. После ванночки можно нанести на ногти питательный крем или втереть эфирное масло. Выполнять процедуру предпочтительно вечером. Данный рецепт помогает укрепить ногти, сделать их сильнее и здоровее, предотвратить расслаивание и появление грибковых заболеваний",,,индивидуальная непереносимость компонентов,хранить в сухом месте при температуре от 0°C до 25°C вдали от сол,"Эффективно смягчает огрубевшую кожу. Эфирные масла оказывают бактерицидное действие, минералы морской соли питают ногтевую пластину, способствуют укреплению и оздоровлению ногтей. Рекомендуется использовать перед маникюром для очищения и смягчения кожи.","Эффективно смягчает огрубевшую кожу. Эфирные масла оказывают бактерицидное действие, минералы морской соли питают ногтевую пластину, способствуют укреплению и оздоровлению ногтей. Рекомендуется использовать перед маникюром для очищения и смягчения кожи.Состав: соль морская, сода кальцинированная, мочевина, натрия лаурилсульфат, эфирное масло лаванды, эфирное масло лимона, эфирное масло розмарина, эфирное масло эвкалипта.Способ применения: в 200 мл теплой воды растворить столовую ложку соли. Ее тщательно растворяют так, чтобы остался лишь небольшой осадок на дне. В раствор погружают пальчики на 10-15 минут. После ванночки можно нанести на ногти питательный крем или втереть эфирное масло. Выполнять процедуру предпочтительно вечером. Данный рецепт помогает укрепить ногти, сделать их сильнее и здоровее, предотвратить расслаивание и появление грибковых заболеваний.Противопоказания: индивидуальная непереносимость компонентов.Условия хранения: хранить в сухом месте при температуре от 0°C до 25°C вдали от сол",good,"проблемы: огрубение кожи; эффекты: антибактериальный эффект, очищение, питание, смягчение, укрепление",Соль для маникюра | тело | уход | крем | ногти | огрубение кожи | антибактериальный эффект | очищение | питание | смягчение | укрепление | масло лаванды | масло розмарина | мочевина | соль морская | эфирное масло лаванды | эфирное масло розмарина,https://socrimea.ru/catalog/telo/sol_dlya_manikyura_500_g_markirovka/,https://socrimea.ru/upload/iblock/521/pgfyruza3xhanuin7mdho29dpiuo75z7.png,False,крем_соль_для_маникюра_200мл,1,,SOC_0158
telo_all.json,тело,1,Ваша кожа засияет здоровьем с нашим кремом для тела с тимохиноном,тело,уход,крем,тело,,,проблемная | раздраженная,,воспаления | повреждение,антибактериальный эффект | антиоксидантная защита | восстановление | очищение | питание | противовоспалительный эффект | расслабление | тонизирование | увлажнение | укрепление | успокаивающий эффект | эксфолиация,витамин а | гидролат иссопа | масло авокадо | масло иссопа | масло кокосовое | масло лаванды | масло ши | пантенол | прополис | салициловая кислота | тимохинон | цинк pca | эфирное масло лаванды,"гидролат иссопа-молочая, прополис, масло авокадо, миристиновая кислота, стеариновая кислота, галолив, масло кокосовое, масло ши, пантенол, триэтаноламин, биоконцентрат лаванды, цетиловый спирт, цетеариловый спирт, лецитин соевый, салициловая кислота, витамин А, цинк PCA, феноксиэтанол, агидол, тимохинон, масло иссопа, ксантановая камедь",гидролат иссопа-молочая | прополис | масло авокадо | миристиновая кислота | стеариновая кислота | галолив | масло кокосовое | масло ши | пантенол | триэтаноламин | биоконцентрат лаванды | цетиловый спирт | цетеариловый спирт | лецитин соевый | салициловая кислота | витамин А | цинк PCA | феноксиэтанол | агидол | тимохинон | масло иссопа | ксантановая камедь,22,True,витамин а | мед | прополис | салициловая кислота | феноксиэтанол,наносите крем тонким слоем на предварительно очищенные сухие участки пораженной кожи утром и вечером. Легкими массажными движениями равномерно распределите средство по поверхности кожи до полного впитывания. Рекомендуемая продолжительность курса составляет от 2 недель до месяца. После завершения основного курса рекомендуется проводить профилактические процедуры раз в неделю для поддержания достигнутого эффекта,,"избегайте попадания крема на слизистые оболочки глаз, носа и рта. Если контакт всё же произошёл, немедленно промойте глаза большим количеством воды. Обязательно проконсультируйтесь с лечащим врачом перед началом применения, особенно при беременности и кормлении грудью",индивидуальная непереносимость компонентов,"плотно закрытым при температуре от +5°С до +25°С, избегать попадания прямых солнечных лучей","Ваша кожа засияет здоровьем с нашим кремом для тела с тимохиноном. Тимохинон — природный антиоксидант, способствующий восстановлению поврежденных клеток кожи, уменьшая воспаления и улучшая состояние кожных покровов. Эфирное масло лаванды в составе обладает мощным антисептическим действием, успокаивает раздраженную кожу, способствует снятию стресса и напряжения. Прополис — натуральный компонент, укрепляющий защитные свойства кожи, стимулирующий регенерацию тканей и ускоряющий процесс заживления повреждений. Салициловая кислота деликатно очищает поры, устраняет ороговевшие клетки, выравнивая поверхность кожи и придавая ей свежий, ухоженный вид. Гидролат иссопа-молочая интенсивно увлажняет, тонизирует и укрепляет кожу, сохраняя оптимальный уровень влаги и защищая от негативного воздействия окружающей среды. Этот уникальный состав обеспечит вашему телу интенсивный уход, избавив вас от дискомфорта и подарив ощущение чистоты, свежести и гармонии с собой. Чувствуйте себя уверенно и прекрасно каждую минуту.","Ваша кожа засияет здоровьем с нашим кремом для тела с тимохиноном. Тимохинон — природный антиоксидант, способствующий восстановлению поврежденных клеток кожи, уменьшая воспаления и улучшая состояние кожных покровов. Эфирное масло лаванды в составе обладает мощным антисептическим действием, успокаивает раздраженную кожу, способствует снятию стресса и напряжения. Прополис — натуральный компонент, укрепляющий защитные свойства кожи, стимулирующий регенерацию тканей и ускоряющий процесс заживления повреждений. Салициловая кислота деликатно очищает поры, устраняет ороговевшие клетки, выравнивая поверхность кожи и придавая ей свежий, ухоженный вид. Гидролат иссопа-молочая интенсивно увлажняет, тонизирует и укрепляет кожу, сохраняя оптимальный уровень влаги и защищая от негативного воздействия окружающей среды. Этот уникальный состав обеспечит вашему телу интенсивный уход, избавив вас от дискомфорта и подарив ощущение чистоты, свежести и гармонии с собой. Чувствуйте себя уверенно и прекрасно каждую минуту.Состав: гидролат иссопа-молочая, прополис, масло авокадо, миристиновая кислота, стеариновая кислота, галолив, масло кокосовое, масло ши, пантенол, триэтаноламин, биоконцентрат лаванды, цетиловый спирт, цетеариловый спирт, лецитин соевый, салициловая кислота, витамин А, цинк PCA, феноксиэтанол, агидол, тимохинон, масло иссопа, ксантановая камедьСпособ применения: наносите крем тонким слоем на предварительно очищенные сухие участки пораженной кожи утром и вечером. Легкими массажными движениями равномерно распределите средство по поверхности кожи до полного впитывания. Рекомендуемая продолжительность курса составляет от 2 недель до месяца. После завершения основного курса рекомендуется проводить профилактические процедуры раз в неделю для поддержания достигнутого эффекта.Меры предосторожности: избегайте попадания крема на слизистые оболочки глаз, носа и рта. Если контакт всё же произошёл, немедленно промойте глаза большим количеством воды. Обязательно проконсультируйтесь с лечащим врачом перед началом применения, особенно при беременности и кормлении грудью.Противопоказания: индивидуальная непереносимость компонентовУсловия хранения: плотно закрытым при температуре от +5°С до +25°С, избегать попадания прямых солнечных лучей.",good,"проблемы: воспаления, повреждение; эффекты: антибактериальный эффект, антиоксидантная защита, восстановление, очищение, питание, противовоспалительный эффект, расслабление, тонизирование, увлажнение, укрепление, успокаивающий эффект, эксфолиация; тип кожи: чувствительная; тип волос: поврежденные",Ваша кожа засияет здоровьем с нашим кремом для тела с тимохиноном | тело | уход | крем | проблемная | раздраженная | воспаления | повреждение | антибактериальный эффект | антиоксидантная защита | восстановление | очищение | питание | противовоспалительный эффект | расслабление | тонизирование | увлажнение | укрепление | успокаивающий эффект | эксфолиация | витамин а | гидролат иссопа | масло авокадо | масло иссопа | масло кокосовое | масло лаванды | масло ши | пантенол | прополис | салициловая кислота | тимохинон | цинк pca | эфирное масло лаванды,https://socrimea.ru/catalog/telo/ukhod_3/krem_dlya_tela_pri_psoriaze_s_timokhinonom_40_ml_markirovka/,https://socrimea.ru/upload/iblock/7e7/sx8hgsfu3jrd2czk62ewfzrd0cqu4gpm.jpg,False,крем для тела_ваша_кожа_засияет_здоровьем_с_нашим_кремом_для_тела_с_тимохиноном_,2,https://socrimea.ru/catalog/telo/ukhod_3/aktsiya_krem_dlya_tela_pri_psoriaze_s_timokhinonom_40_ml_markirovka/,SOC_0159
telo_all.json,тело,53,Ваша кожа засияет здоровьем с нашим кремом для тела с тимохиноном,тело,уход,крем,тело,40.0,мл,проблемная | раздраженная,,воспаления | повреждение,антибактериальный эффект | антиоксидантная защита | восстановление | очищение | питание | противовоспалительный эффект | расслабление | тонизирование | увлажнение | укрепление | успокаивающий эффект | эксфолиация,витамин а | гидролат иссопа | масло авокадо | масло иссопа | масло кокосовое | масло лаванды | масло ши | пантенол | прополис | салициловая кислота | тимохинон | цинк pca | эфирное масло лаванды,"гидролат иссопа-молочая, прополис, масло авокадо, миристиновая кислота, стеариновая кислота, галолив, масло кокосовое, масло ши, пантенол, триэтаноламин, биоконцентрат лаванды, цетиловый спирт, цетеариловый спирт, лецитин соевый, салициловая кислота, витамин А, цинк PCA, феноксиэтанол, агидол, тимохинон, масло иссопа, ксантановая камедь",гидролат иссопа-молочая | прополис | масло авокадо | миристиновая кислота | стеариновая кислота | галолив | масло кокосовое | масло ши | пантенол | триэтаноламин | биоконцентрат лаванды | цетиловый спирт | цетеариловый спирт | лецитин соевый | салициловая кислота | витамин А | цинк PCA | феноксиэтанол | агидол | тимохинон | масло иссопа | ксантановая камедь,22,True,витамин а | мед | прополис | салициловая кислота | феноксиэтанол,наносите крем тонким слоем на предварительно очищенные сухие участки пораженной кожи утром и вечером. Легкими массажными движениями равномерно распределите средство по поверхности кожи до полного впитывания. Рекомендуемая продолжительность курса составляет от 2 недель до месяца. После завершения основного курса рекомендуется проводить профилактические процедуры раз в неделю для поддержания достигнутого эффекта,,"избегайте попадания крема на слизистые оболочки глаз, носа и рта. Если контакт всё же произошёл, немедленно промойте глаза большим количеством воды. Обязательно проконсультируйтесь с лечащим врачом перед началом применения, особенно при беременности и кормлении грудью",индивидуальная непереносимость компонентов,"плотно закрытым при температуре от +5°С до +25°С, избегать попадания прямых солнечных лучей","Ваша кожа засияет здоровьем с нашим кремом для тела с тимохиноном. Тимохинон — природный антиоксидант, способствующий восстановлению поврежденных клеток кожи, уменьшая воспаления и улучшая состояние кожных покровов. Эфирное масло лаванды в составе обладает мощным антисептическим действием, успокаивает раздраженную кожу, способствует снятию стресса и напряжения. Прополис — натуральный компонент, укрепляющий защитные свойства кожи, стимулирующий регенерацию тканей и ускоряющий процесс заживления повреждений. Салициловая кислота деликатно очищает поры, устраняет ороговевшие клетки, выравнивая поверхность кожи и придавая ей свежий, ухоженный вид. Гидролат иссопа-молочая интенсивно увлажняет, тонизирует и укрепляет кожу, сохраняя оптимальный уровень влаги и защищая от негативного воздействия окружающей среды. Этот уникальный состав обеспечит вашему телу интенсивный уход, избавив вас от дискомфорта и подарив ощущение чистоты, свежести и гармонии с собой. Чувствуйте себя уверенно и прекрасно каждую минуту.","Ваша кожа засияет здоровьем с нашим кремом для тела с тимохиноном. Тимохинон — природный антиоксидант, способствующий восстановлению поврежденных клеток кожи, уменьшая воспаления и улучшая состояние кожных покровов. Эфирное масло лаванды в составе обладает мощным антисептическим действием, успокаивает раздраженную кожу, способствует снятию стресса и напряжения. Прополис — натуральный компонент, укрепляющий защитные свойства кожи, стимулирующий регенерацию тканей и ускоряющий процесс заживления повреждений. Салициловая кислота деликатно очищает поры, устраняет ороговевшие клетки, выравнивая поверхность кожи и придавая ей свежий, ухоженный вид. Гидролат иссопа-молочая интенсивно увлажняет, тонизирует и укрепляет кожу, сохраняя оптимальный уровень влаги и защищая от негативного воздействия окружающей среды. Этот уникальный состав обеспечит вашему телу интенсивный уход, избавив вас от дискомфорта и подарив ощущение чистоты, свежести и гармонии с собой. Чувствуйте себя уверенно и прекрасно каждую минуту.Состав: гидролат иссопа-молочая, прополис, масло авокадо, миристиновая кислота, стеариновая кислота, галолив, масло кокосовое, масло ши, пантенол, триэтаноламин, биоконцентрат лаванды, цетиловый спирт, цетеариловый спирт, лецитин соевый, салициловая кислота, витамин А, цинк PCA, феноксиэтанол, агидол, тимохинон, масло иссопа, ксантановая камедьСпособ применения: наносите крем тонким слоем на предварительно очищенные сухие участки пораженной кожи утром и вечером. Легкими массажными движениями равномерно распределите средство по поверхности кожи до полного впитывания. Рекомендуемая продолжительность курса составляет от 2 недель до месяца. После завершения основного курса рекомендуется проводить профилактические процедуры раз в неделю для поддержания достигнутого эффекта.Меры предосторожности: избегайте попадания крема на слизистые оболочки глаз, носа и рта. Если контакт всё же произошёл, немедленно промойте глаза большим количеством воды. Обязательно проконсультируйтесь с лечащим врачом перед началом применения, особенно при беременности и кормлении грудью.Противопоказания: индивидуальная непереносимость компонентовУсловия хранения: плотно закрытым при температуре от +5°С до +25°С, избегать попадания прямых солнечных лучей.",good,"проблемы: воспаления, повреждение; эффекты: антибактериальный эффект, антиоксидантная защита, восстановление, очищение, питание, противовоспалительный эффект, расслабление, тонизирование, увлажнение, укрепление, успокаивающий эффект, эксфолиация; тип кожи: чувствительная; тип волос: поврежденные",Ваша кожа засияет здоровьем с нашим кремом для тела с тимохиноном | тело | уход | крем | проблемная | раздраженная | воспаления | повреждение | антибактериальный эффект | антиоксидантная защита | восстановление | очищение | питание | противовоспалительный эффект | расслабление | тонизирование | увлажнение | укрепление | успокаивающий эффект | эксфолиация | витамин а | гидролат иссопа | масло авокадо | масло иссопа | масло кокосовое | масло лаванды | масло ши | пантенол | прополис | салициловая кислота | тимохинон | цинк pca | эфирное масло лаванды,https://socrimea.ru/catalog/telo/ukhod_3/aktsiya_krem_dlya_tela_pri_psoriaze_s_timokhinonom_40_ml/,https://socrimea.ru/upload/iblock/7e7/sx8hgsfu3jrd2czk62ewfzrd0cqu4gpm.jpg,True,крем для тела_ваша_кожа_засияет_здоровьем_с_нашим_кремом_для_тела_с_тимохиноном_40мл,1,,SOC_0160
telo_all.json,тело,7,"Представляем натуральный косметический крем специального назначения, разработанный для деликатного ухода за чувствительной кожей",тело,уход,крем,тело,,,чувствительная | проблемная,,воспаления | чувствительность,антибактериальный эффект | восстановление | очищение | питание | противовоспалительный эффект | смягчение | увлажнение | успокаивающий эффект | эксфолиация,аллантоин | бетаин | бисаболол | лимонная кислота | масло лаванды | мочевина | прополис | салициловая кислота | тимохинон | цинк pca | черного тмина | экстракт бархатцев | экстракт мирта | экстракт монарды | экстракт прополиса | экстракт розмарина | экстракт черного тмина | эфирное масло лаванды,"вода очищенная, масло касторовое, каприлик/каприк триглицерид, парафиновое масло, этилгексил стеарат, метилсульфонилметан, цетиловый спирт, цетеариловый спирт, миристиновая кислота, стеариновая кислота, глицерил моностеарат, изопропилмиристат, мочевина, салициловая кислота, экстракт черного тмина с тимохиноном, гидрогенизированное касторовое масло, триэтаноламин, бетаин, цинк PCA, бензоат натрия, эфирное масло лаванды, агидол, бисаболол, трилон Б, экстракт мирта, экстракт прополиса, экстракт розмарина, экстракт монарды лимонной, аллантоин, лимонная кислота, бикарбонат натрия, экстракт виноградной косточки, экстракт бархатцев",вода очищенная | масло касторовое | каприлик/каприк триглицерид | парафиновое масло | этилгексил стеарат | метилсульфонилметан | цетиловый спирт | цетеариловый спирт | миристиновая кислота | стеариновая кислота | глицерил моностеарат | изопропилмиристат | мочевина | салициловая кислота | экстракт черного тмина с тимохиноном | гидрогенизированное касторовое масло | триэтаноламин | бетаин | цинк PCA | бензоат натрия | эфирное масло лаванды | агидол | бисаболол | трилон Б | экстракт мирта | экстракт прополиса | экстракт розмарина | экстракт монарды лимонной | аллантоин | лимонная кислота | бикарбонат натрия | экстракт виноградной косточки | экстракт бархатцев,33,True,прополис | салициловая кислота | экстракт прополиса | эфирное масло лаванды,нанесите небольшое количество крема тонким слоем на области поражения. Аккуратно распределите легкими массажными движениями до полного впитывания крема. Используйте крем дважды в сутки — утром и вечером,,"избегайте попадания крема на слизистые оболочки глаз, носа и рта. Если контакт всё же произошёл, немедленно промойте большим количеством воды. Обязательно проконсультируйтесь с лечащим врачом перед началом применения, особенно при беременности и кормлении грудью. НЕ ЯВЛЯЕТСЯ ЛЕКАРСТВЕННЫМ СРЕДСТВОМ!",индивидуальная непереносимость компонентов,"плотно закрытым при температуре от +5°С до +25°С, избегать попадания прямых солнечных лучей","Представляем натуральный косметический крем специального назначения, разработанный для деликатного ухода за чувствительной кожей. Экстракты розмарина, монарды, бархатцев и мирта бережно успокаивают кожу, снимают раздражение и способствуют её регенерации. Прополис обладает природными антисептическими качествами, помогает устранить воспаление и защитить кожу от инфекций. Натуральная салициловая кислота мягко удаляет омертвевшие клетки эпидермиса, способствуя обновлению и улучшению состояния кожи. Гипоаллергенная формула подходит даже самой нежной и склонной к раздражению коже, позволяя комфортно пользоваться средством ежедневно. Крем быстро впитывается, обеспечивая длительное увлажнение и питание кожи, возвращая ей естественный здоровый вид. Используя наш крем регулярно, ваша кожа станет мягкой, гладкой и защищённой! Сделайте выбор в пользу природы и здоровья вашей кожи.","Представляем натуральный косметический крем специального назначения, разработанный для деликатного ухода за чувствительной кожей. Экстракты розмарина, монарды, бархатцев и мирта бережно успокаивают кожу, снимают раздражение и способствуют её регенерации. Прополис обладает природными антисептическими качествами, помогает устранить воспаление и защитить кожу от инфекций. Натуральная салициловая кислота мягко удаляет омертвевшие клетки эпидермиса, способствуя обновлению и улучшению состояния кожи. Гипоаллергенная формула подходит даже самой нежной и склонной к раздражению коже, позволяя комфортно пользоваться средством ежедневно. Крем быстро впитывается, обеспечивая длительное увлажнение и питание кожи, возвращая ей естественный здоровый вид. Используя наш крем регулярно, ваша кожа станет мягкой, гладкой и защищённой! Сделайте выбор в пользу природы и здоровья вашей кожи.Состав: вода очищенная, масло касторовое, каприлик/каприк триглицерид, парафиновое масло, этилгексил стеарат, метилсульфонилметан, цетиловый спирт, цетеариловый спирт, миристиновая кислота, стеариновая кислота, глицерил моностеарат, изопропилмиристат, мочевина, салициловая кислота, экстракт черного тмина с тимохиноном, гидрогенизированное касторовое масло, триэтаноламин, бетаин, цинк PCA, бензоат натрия, эфирное масло лаванды, агидол, бисаболол, трилон Б, экстракт мирта, экстракт прополиса, экстракт розмарина, экстракт монарды лимонной, аллантоин, лимонная кислота, бикарбонат натрия, экстракт виноградной косточки, экстракт бархатцев.Способ применения: нанесите небольшое количество крема тонким слоем на области поражения. Аккуратно распределите легкими массажными движениями до полного впитывания крема. Используйте крем дважды в сутки — утром и вечером. Для усиления эффекта возможно применение до трёх раз в день.Меры предосторожности: избегайте попадания крема на слизистые оболочки глаз, носа и рта. Если контакт всё же произошёл, немедленно промойте большим количеством воды. Обязательно проконсультируйтесь с лечащим врачом перед началом применения, особенно при беременности и кормлении грудью. НЕ ЯВЛЯЕТСЯ ЛЕКАРСТВЕННЫМ СРЕДСТВОМ!Противопоказания: индивидуальная непереносимость компонентовУсловия хранения: плотно закрытым при температуре от +5°С до +25°С, избегать попадания прямых солнечных лучей.",good,"проблемы: воспаления, чувствительность; эффекты: антибактериальный эффект, восстановление, очищение, питание, противовоспалительный эффект, смягчение, увлажнение, успокаивающий эффект, эксфолиация; тип кожи: чувствительная","Представляем натуральный косметический крем специального назначения, разработанный для деликатного ухода за чувствительной кожей | тело | уход | крем | чувствительная | проблемная | воспаления | чувствительность | антибактериальный эффект | восстановление | очищение | питание | противовоспалительный эффект | смягчение | увлажнение | успокаивающий эффект | эксфолиация | аллантоин | бетаин | бисаболол | лимонная кислота | масло лаванды | мочевина | прополис | салициловая кислота | тимохинон | цинк pca | черного тмина | экстракт бархатцев | экстракт мирта | экстракт монарды | экстракт прополиса | экстракт розмарина | экстракт черного тмина | эфирное масло лаванды",https://socrimea.ru/catalog/telo/ukhod_3/krem_dlya_tela_pri_dermatite_s_timokhinonom_40_ml_markirovka/,https://socrimea.ru/upload/iblock/d52/gzcernj41zqgkownxs59nx0lhz9wr6lp.jpg,False,крем для тела_представляем_натуральный_косметический_крем_специального_назначения_разработанный_для_деликатного_ухода_за_чувствительной_кожей_,2,https://socrimea.ru/catalog/telo/ukhod_3/aktsiya_krem_dlya_tela_pri_dermatite_s_timokhinonom_40_ml_markirovka/,SOC_0161
telo_all.json,тело,57,"Представляем натуральный косметический крем специального назначения, разработанный для деликатного ухода за чувствительной кожей",тело,уход,крем,тело,40.0,мл,чувствительная | проблемная,,воспаления | чувствительность,антибактериальный эффект | восстановление | очищение | питание | противовоспалительный эффект | смягчение | увлажнение | успокаивающий эффект | эксфолиация,аллантоин | бетаин | бисаболол | лимонная кислота | масло лаванды | мочевина | прополис | салициловая кислота | тимохинон | цинк pca | черного тмина | экстракт бархатцев | экстракт мирта | экстракт монарды | экстракт прополиса | экстракт розмарина | экстракт черного тмина | эфирное масло лаванды,"вода очищенная, масло касторовое, каприлик/каприк триглицерид, парафиновое масло, этилгексил стеарат, метилсульфонилметан, цетиловый спирт, цетеариловый спирт, миристиновая кислота, стеариновая кислота, глицерил моностеарат, изопропилмиристат, мочевина, салициловая кислота, экстракт черного тмина с тимохиноном, гидрогенизированное касторовое масло, триэтаноламин, бетаин, цинк PCA, бензоат натрия, эфирное масло лаванды, агидол, бисаболол, трилон Б, экстракт мирта, экстракт прополиса, экстракт розмарина, экстракт монарды лимонной, аллантоин, лимонная кислота, бикарбонат натрия, экстракт виноградной косточки, экстракт бархатцев",вода очищенная | масло касторовое | каприлик/каприк триглицерид | парафиновое масло | этилгексил стеарат | метилсульфонилметан | цетиловый спирт | цетеариловый спирт | миристиновая кислота | стеариновая кислота | глицерил моностеарат | изопропилмиристат | мочевина | салициловая кислота | экстракт черного тмина с тимохиноном | гидрогенизированное касторовое масло | триэтаноламин | бетаин | цинк PCA | бензоат натрия | эфирное масло лаванды | агидол | бисаболол | трилон Б | экстракт мирта | экстракт прополиса | экстракт розмарина | экстракт монарды лимонной | аллантоин | лимонная кислота | бикарбонат натрия | экстракт виноградной косточки | экстракт бархатцев,33,True,прополис | салициловая кислота | экстракт прополиса | эфирное масло лаванды,нанесите небольшое количество крема тонким слоем на области поражения. Аккуратно распределите легкими массажными движениями до полного впитывания крема. Используйте крем дважды в сутки — утром и вечером,,"избегайте попадания крема на слизистые оболочки глаз, носа и рта. Если контакт всё же произошёл, немедленно промойте большим количеством воды. Обязательно проконсультируйтесь с лечащим врачом перед началом применения, особенно при беременности и кормлении грудью. НЕ ЯВЛЯЕТСЯ ЛЕКАРСТВЕННЫМ СРЕДСТВОМ!",индивидуальная непереносимость компонентов,"плотно закрытым при температуре от +5°С до +25°С, избегать попадания прямых солнечных лучей","Представляем натуральный косметический крем специального назначения, разработанный для деликатного ухода за чувствительной кожей. Экстракты розмарина, монарды, бархатцев и мирта бережно успокаивают кожу, снимают раздражение и способствуют её регенерации. Прополис обладает природными антисептическими качествами, помогает устранить воспаление и защитить кожу от инфекций. Натуральная салициловая кислота мягко удаляет омертвевшие клетки эпидермиса, способствуя обновлению и улучшению состояния кожи. Гипоаллергенная формула подходит даже самой нежной и склонной к раздражению коже, позволяя комфортно пользоваться средством ежедневно. Крем быстро впитывается, обеспечивая длительное увлажнение и питание кожи, возвращая ей естественный здоровый вид. Используя наш крем регулярно, ваша кожа станет мягкой, гладкой и защищённой! Сделайте выбор в пользу природы и здоровья вашей кожи.","Представляем натуральный косметический крем специального назначения, разработанный для деликатного ухода за чувствительной кожей. Экстракты розмарина, монарды, бархатцев и мирта бережно успокаивают кожу, снимают раздражение и способствуют её регенерации. Прополис обладает природными антисептическими качествами, помогает устранить воспаление и защитить кожу от инфекций. Натуральная салициловая кислота мягко удаляет омертвевшие клетки эпидермиса, способствуя обновлению и улучшению состояния кожи. Гипоаллергенная формула подходит даже самой нежной и склонной к раздражению коже, позволяя комфортно пользоваться средством ежедневно. Крем быстро впитывается, обеспечивая длительное увлажнение и питание кожи, возвращая ей естественный здоровый вид. Используя наш крем регулярно, ваша кожа станет мягкой, гладкой и защищённой! Сделайте выбор в пользу природы и здоровья вашей кожи.Состав: вода очищенная, масло касторовое, каприлик/каприк триглицерид, парафиновое масло, этилгексил стеарат, метилсульфонилметан, цетиловый спирт, цетеариловый спирт, миристиновая кислота, стеариновая кислота, глицерил моностеарат, изопропилмиристат, мочевина, салициловая кислота, экстракт черного тмина с тимохиноном, гидрогенизированное касторовое масло, триэтаноламин, бетаин, цинк PCA, бензоат натрия, эфирное масло лаванды, агидол, бисаболол, трилон Б, экстракт мирта, экстракт прополиса, экстракт розмарина, экстракт монарды лимонной, аллантоин, лимонная кислота, бикарбонат натрия, экстракт виноградной косточки, экстракт бархатцев.Способ применения: нанесите небольшое количество крема тонким слоем на области поражения. Аккуратно распределите легкими массажными движениями до полного впитывания крема. Используйте крем дважды в сутки — утром и вечером. Для усиления эффекта возможно применение до трёх раз в день.Меры предосторожности: избегайте попадания крема на слизистые оболочки глаз, носа и рта. Если контакт всё же произошёл, немедленно промойте большим количеством воды. Обязательно проконсультируйтесь с лечащим врачом перед началом применения, особенно при беременности и кормлении грудью. НЕ ЯВЛЯЕТСЯ ЛЕКАРСТВЕННЫМ СРЕДСТВОМ!Противопоказания: индивидуальная непереносимость компонентовУсловия хранения: плотно закрытым при температуре от +5°С до +25°С, избегать попадания прямых солнечных лучей.",good,"проблемы: воспаления, чувствительность; эффекты: антибактериальный эффект, восстановление, очищение, питание, противовоспалительный эффект, смягчение, увлажнение, успокаивающий эффект, эксфолиация; тип кожи: чувствительная","Представляем натуральный косметический крем специального назначения, разработанный для деликатного ухода за чувствительной кожей | тело | уход | крем | чувствительная | проблемная | воспаления | чувствительность | антибактериальный эффект | восстановление | очищение | питание | противовоспалительный эффект | смягчение | увлажнение | успокаивающий эффект | эксфолиация | аллантоин | бетаин | бисаболол | лимонная кислота | масло лаванды | мочевина | прополис | салициловая кислота | тимохинон | цинк pca | черного тмина | экстракт бархатцев | экстракт мирта | экстракт монарды | экстракт прополиса | экстракт розмарина | экстракт черного тмина | эфирное масло лаванды",https://socrimea.ru/catalog/telo/ukhod_3/aktsiya_krem_dlya_tela_pri_dermatite_s_timokhinonom_40_ml/,https://socrimea.ru/upload/iblock/d52/gzcernj41zqgkownxs59nx0lhz9wr6lp.jpg,True,крем для тела_представляем_натуральный_косметический_крем_специального_назначения_разработанный_для_деликатного_ухода_за_чувствительной_кожей_40мл,1,,SOC_0162
telo_all.json,тело,86,Лосьон для тела увлажнение и тонус маслом розы тимохиноном,тело,уход,лосьон,тело,,,чувствительная,,потеря упругости | сухость | чувствительность,восстановление | питание | смягчение | тонизирование | увлажнение,,,,0,False,,,,,индивидуальная непереносимость компонентов,,"Лосьон для тела Увлажнение и тонус с маслом Розы 250 млНаше собственное производство гидролата и масла розы позволяет нам создавать уникальный состав и продукт. Лосьон для тела идеально подходит для сухой и чувствительной кожи, он восстанавляет ее естественный гидролипидный баланс, кожа становится мягкой, упругой и бархатистой. Лосьон быстро впитывается. Нежный аромат розы подарит ощущение гармонии и радости.","Лосьон для тела Увлажнение и тонус с маслом Розы 250 млНаше собственное производство гидролата и масла розы позволяет нам создавать уникальный состав и продукт. Лосьон для тела идеально подходит для сухой и чувствительной кожи, он восстанавляет ее естественный гидролипидный баланс, кожа становится мягкой, упругой и бархатистой. Лосьон быстро впитывается. Нежный аромат розы подарит ощущение гармонии и радости.",partial,"проблемы: потеря упругости, сухость, чувствительность; эффекты: восстановление, питание, смягчение, тонизирование, увлажнение; тип кожи: сухая, чувствительная; тип волос: сухие",Лосьон для тела увлажнение и тонус маслом розы тимохиноном | тело | уход | лосьон | чувствительная | потеря упругости | сухость | чувствительность | восстановление | питание | смягчение | тонизирование | увлажнение,https://socrimea.ru/catalog/telo/ukhod_3/loson_dlya_tela_uvlazhnenie_i_tonus_s_maslom_rozy_s_timokhinonom_250_ml_markirovka_/,https://socrimea.ru/upload/iblock/b82/l2cnwhm4lagh2tx24i5wxn0pbe50fdp4.png,False,лосьон_лосьон_для_тела_увлажнение_и_тонус_маслом_розы_тимохиноном_,1,,SOC_0163
telo_all.json,тело,30,Лосьон для тела восстановление и питание маслом лаванды тимохиноном,тело,уход,лосьон,тело,,,чувствительная,,потеря упругости | чувствительность,восстановление | питание | расслабление | увлажнение | успокаивающий эффект,,,,0,False,,,,,индивидуальная непереносимость компонентов,,"Лосьон для тела Восстановление и питание с маслом Лаванды 250 млНаше собственное производство гидролата и эфирного масла лаванды позволяет нам создавать уникальный состав и продукт. Лосьон для тела обладает регенерирующими и успокаивающими свойствами. Он прекрасно увлажняет, питает и придает коже упругость, идеально подходит для самой чувствительной кожи. Лосьон быстро впитывается. Аромат лаванды приятно расслабляет.","Лосьон для тела Восстановление и питание с маслом Лаванды 250 млНаше собственное производство гидролата и эфирного масла лаванды позволяет нам создавать уникальный состав и продукт. Лосьон для тела обладает регенерирующими и успокаивающими свойствами. Он прекрасно увлажняет, питает и придает коже упругость, идеально подходит для самой чувствительной кожи. Лосьон быстро впитывается. Аромат лаванды приятно расслабляет.",partial,"проблемы: потеря упругости, чувствительность; эффекты: восстановление, питание, расслабление, увлажнение, успокаивающий эффект; тип кожи: чувствительная",Лосьон для тела восстановление и питание маслом лаванды тимохиноном | тело | уход | лосьон | чувствительная | потеря упругости | чувствительность | восстановление | питание | расслабление | увлажнение | успокаивающий эффект,https://socrimea.ru/catalog/telo/loson_dlya_tela_vosstanovlenie_i_pitanie_s_maslom_lavandy_s_timokhinonom_250_ml_markirovka_/,https://socrimea.ru/upload/iblock/20d/x88we0nocl8ro06p170zc616l31uvsvh.png,False,лосьон_лосьон_для_тела_восстановление_и_питание_маслом_лаванды_тимохиноном_,1,,SOC_0164
telo_all.json,тело,27,Лосьон для тела ежедневный уход маслом глицинии тимохиноном,тело,уход,лосьон,тело,,,чувствительная,,чувствительность,питание | смягчение | увлажнение | успокаивающий эффект,,,,0,False,,,,,индивидуальная непереносимость компонентов,,"Лосьон для тела Ежедневный уход с маслом Глицинии 250 млНаше собственное производство позволяет нам создавать уникальный состав и продукт. Лосьон для тела обладает уникальными успокаивающими и смягчающими свойствами. Он прекрасно увлажняет, питает и придает коже мягкость, бархатистость, идеально подходит для самой чувствительной кожи. Лосьон быстро впитывается. Нежный женственный аромат глицинии дарит хорошее настроение и вдохновляет.","Лосьон для тела Ежедневный уход с маслом Глицинии 250 млНаше собственное производство позволяет нам создавать уникальный состав и продукт. Лосьон для тела обладает уникальными успокаивающими и смягчающими свойствами. Он прекрасно увлажняет, питает и придает коже мягкость, бархатистость, идеально подходит для самой чувствительной кожи. Лосьон быстро впитывается. Нежный женственный аромат глицинии дарит хорошее настроение и вдохновляет.",partial,"проблемы: чувствительность; эффекты: питание, смягчение, увлажнение, успокаивающий эффект; тип кожи: чувствительная",Лосьон для тела ежедневный уход маслом глицинии тимохиноном | тело | уход | лосьон | чувствительная | чувствительность | питание | смягчение | увлажнение | успокаивающий эффект,https://socrimea.ru/catalog/telo/ukhod_3/loson_dlya_tela_ezhednevnyy_ukhod_s_maslom_glitsinii_s_timokhinonom_250_ml_markirovka_/,https://socrimea.ru/upload/iblock/87b/tki3hq50f6of4784amtmie9ruyrjzhoi.png,False,лосьон_лосьон_для_тела_ежедневный_уход_маслом_глицинии_тимохиноном_,1,,SOC_0165
telo_all.json,тело,22,Лосьон для тела идеальная кожа маслом иссопа тимохиноном,тело,уход,лосьон,тело,,,чувствительная,,потеря упругости | чувствительность,восстановление | питание | расслабление | тонизирование | увлажнение,,,,0,False,,,,,индивидуальная непереносимость компонентов,,"Лосьон для тела Идеальная кожа с маслом Иссопа 250 млНаше собственное производство гидролата и эфирного масла иссопа позволяет нам создавать уникальный состав и продукт. Лосьон для тела идеально подходит для чувствительной кожи, оннвосстанавливает ее естественный гидролипидный баланс, борется с несовершенствами,придает коже тонус и упругость. Лосьон быстро впитывается. Пряный аромат иссопа повышает настроение и расслабляет.","Лосьон для тела Идеальная кожа с маслом Иссопа 250 млНаше собственное производство гидролата и эфирного масла иссопа позволяет нам создавать уникальный состав и продукт. Лосьон для тела идеально подходит для чувствительной кожи, оннвосстанавливает ее естественный гидролипидный баланс, борется с несовершенствами,придает коже тонус и упругость. Лосьон быстро впитывается. Пряный аромат иссопа повышает настроение и расслабляет.",partial,"проблемы: потеря упругости, чувствительность; эффекты: восстановление, питание, расслабление, тонизирование, увлажнение; тип кожи: чувствительная",Лосьон для тела идеальная кожа маслом иссопа тимохиноном | тело | уход | лосьон | чувствительная | потеря упругости | чувствительность | восстановление | питание | расслабление | тонизирование | увлажнение,https://socrimea.ru/catalog/telo/ukhod_3/loson_dlya_tela_idealnaya_kozha_s_maslom_issopa_s_timokhinonom_250_ml_markirovka_/,https://socrimea.ru/upload/iblock/0a0/4zcie093r2020oceth2zke3tdwomywuw.png,False,лосьон_лосьон_для_тела_идеальная_кожа_маслом_иссопа_тимохиноном_,1,,SOC_0166
telo_all.json,тело,28,Лосьон для тела очищение и восстановление маслом шалфея тимохиноном,тело,уход,лосьон,тело,,,,,,восстановление | очищение,,,,0,False,,,,,,,,,poor,"эффекты: восстановление, очищение",Лосьон для тела очищение и восстановление маслом шалфея тимохиноном | тело | уход | лосьон | восстановление | очищение,https://socrimea.ru/catalog/telo/ukhod_3/loson_dlya_tela_ochishchenie_i_vosstanovlenie_s_maslom_shalfeya_s_timokhinonom_250_ml_markirovka_/,https://socrimea.ru/upload/iblock/d54/haxbclgx7x2n2mp2wy78ngg1soa1q8of.png,False,лосьон_лосьон_для_тела_очищение_и_восстановление_маслом_шалфея_тимохиноном_,1,,SOC_0167
telo_all.json,тело,26,Лосьон для тела с маслом Розмарина,тело,уход,лосьон,тело,,,,,воспаления,питание | тонизирование | успокаивающий эффект,,,,0,False,,,,,индивидуальная непереносимость компонентов,,"Лосьон для тела с маслом Розмарина.Наше собственное производство гидролата и масла розмарина позволяет нам создавать уникальный состав и продукт. Лосьон для тела идеально подходит для всех типов кожи и возрастов. Он снимает раздражения, обладает омалаживающими свойствами, подтягивает кожу, тонизирует. Лосьон быстро впитывается. Яркий хвойно-пряный аромат повышает настроение и заряжает энергией.","Лосьон для тела с маслом Розмарина.Наше собственное производство гидролата и масла розмарина позволяет нам создавать уникальный состав и продукт. Лосьон для тела идеально подходит для всех типов кожи и возрастов. Он снимает раздражения, обладает омалаживающими свойствами, подтягивает кожу, тонизирует. Лосьон быстро впитывается. Яркий хвойно-пряный аромат повышает настроение и заряжает энергией.",partial,"проблемы: воспаления; эффекты: питание, тонизирование, успокаивающий эффект; тип кожи: все типы кожи, чувствительная",Лосьон для тела с маслом Розмарина | тело | уход | лосьон | воспаления | питание | тонизирование | успокаивающий эффект,https://socrimea.ru/catalog/telo/ukhod_3/loson_dlya_tela_elastichnost_i_uprugost_s_maslom_rozmarina_s_timokhinonom_250_ml_markirovka_/,https://socrimea.ru/upload/iblock/892/562wjtfo9xkxhlktywx5fw1htbp5le6v.png,False,лосьон_лосьон_для_тела_с_маслом_розмарина_,2,https://socrimea.ru/catalog/telo/ukhod_3/loson_dlya_tela_elastichnost_i_uprugost_s_maslom_rozmarina_s_timokhinonom_50_ml_markirovka_/,SOC_0168
telo_all.json,тело,64,Масло для укрепления ногтей тимохиноном,тело,уход,масло для ногтей,тело,,,,,,укрепление,,,,0,False,,,,,,,,,poor,эффекты: укрепление,Масло для укрепления ногтей тимохиноном | тело | уход | масло для ногтей | укрепление,https://socrimea.ru/catalog/telo/maslo_dlya_ukrepleniya_nogtey_s_timokhinonom_15_ml_markirovka/,https://socrimea.ru/local/templates/main/assets/images/nophoto.jpg,False,масло для ногтей_масло_для_укрепления_ногтей_тимохиноном_,1,,SOC_0169
telo_all.json,тело,92,Соль для педикюра,тело,уход,масло для ногтей,ногти | ноги,100.0,г,,,огрубение кожи,антибактериальный эффект | очищение | питание | смягчение | укрепление,мочевина | соль морская,"соль морская, сода кальцинированная, мочевина, натрия лаурилсульфат, эфирное масло чайного дерева, эфирное масло эвкалипта, эфирное масло лимона, эфирное масло мяты",соль морская | сода кальцинированная | мочевина | натрия лаурилсульфат | эфирное масло чайного дерева | эфирное масло эвкалипта | эфирное масло лимона | эфирное масло мяты,8,True,натрия лаурилсульфат | эфирное масло чайного дерева | эфирное масло эвкалипта,"100 г соли растворить в 5 л теплой воды. Опустите ноги в емкость, держать ноги в растворе не менее 15 минут. После ванны чувствуется расслабленность, а кожа на ногах становится мягкой и чистой. Делается перед педикюром для очищения и смягчения кожи",,,индивидуальная непереносимость компонентов,хранить в сухом месте при температуре от 0°C до 25°C вда,"Эффективно смягчает огрубевшую кожу. Эфирные масла оказывают бактерицидное действие, минералы морской соли питают ногтевую пластину, способствуют укреплению и оздоровлению ногтей. Рекомендуется использовать перед педикюром для очищения и смягчения кожи. Эфирные масла улучшают кровообращение, избавляет от чрезмерного потоотделения и защищают от грибковых инфекций. Для усиления эффекта после процедуры использовать бальзам для ногтей СК.","Эффективно смягчает огрубевшую кожу. Эфирные масла оказывают бактерицидное действие, минералы морской соли питают ногтевую пластину, способствуют укреплению и оздоровлению ногтей. Рекомендуется использовать перед педикюром для очищения и смягчения кожи. Эфирные масла улучшают кровообращение, избавляет от чрезмерного потоотделения и защищают от грибковых инфекций. Для усиления эффекта после процедуры использовать бальзам для ногтей СК.Состав: соль морская, сода кальцинированная, мочевина, натрия лаурилсульфат, эфирное масло чайного дерева, эфирное масло эвкалипта, эфирное масло лимона, эфирное масло мяты.Способ применения: 100 г соли растворить в 5 л теплой воды. Опустите ноги в емкость, держать ноги в растворе не менее 15 минут. После ванны чувствуется расслабленность, а кожа на ногах становится мягкой и чистой. Делается перед педикюром для очищения и смягчения кожи.Противопоказания: индивидуальная непереносимость компонентовУсловия хранения: хранить в сухом месте при температуре от 0°C до 25°C вда",good,"проблемы: огрубение кожи; эффекты: антибактериальный эффект, очищение, питание, смягчение, укрепление",Соль для педикюра | тело | уход | масло для ногтей | ногти | ноги | огрубение кожи | антибактериальный эффект | очищение | питание | смягчение | укрепление | мочевина | соль морская,https://socrimea.ru/catalog/telo/sol_dlya_pedikyura_500_g_markirovka/,https://socrimea.ru/upload/iblock/97b/0gtn2q871u9s80rll0uvk5oxm6biud1z.png,False,масло для ногтей_соль_для_педикюра_100г,1,,SOC_0170
telo_all.json,тело,23,Масло массажное расслабляющее тимохиноном,тело,уход,массажное масло,тело,,,зрелая,,возрастные изменения | жирность | потеря упругости,антивозрастной уход | питание | расслабление | себорегуляция | смягчение | тонизирование | увлажнение,масло жожоба | масло миндальное,"масло рапсовое, масло миндальное, масло жожоба, парфюмерная композиция, ионол",масло рапсовое | масло миндальное | масло жожоба | парфюмерная композиция | ионол,5,True,ионол | парфюмерная композиция,"Небольшое количество нанести на ладонь, чтобы оно слегка разогрелось, а затем массировать проблемные участки тела в течение нескольких минут, до полного впитывания в кожу",,"провести тест на аллергическую реакцию! При попадании в глаза, промыть большим количеством воды. Избегать пребыв",индивидуальная непереносимость компонентов,,"Универсальный масляный коктейль с тонким ароматом предназначен для процедуры массажа с расслабляющим эффектом и устранения последствий стресса, снятия мышечного напряжения. Рапсовое масло напитывает кожу витаминами и подтягивает, улучшая тонус и повышая упругость.Масло миндаля смягчает кожу, обеспечивая глубокое увлажнение и питание, предотвращая появление возрастных изменений. Масло жожоба насыщает кожу жирными кислотами, замедляет процессы старения, способствует удержанию влаги в коже. Массажное масло обеспечивает необходимый уровень и время скольжения, а также интенсивно ухаживает за кожей тела.","Универсальный масляный коктейль с тонким ароматом предназначен для процедуры массажа с расслабляющим эффектом и устранения последствий стресса, снятия мышечного напряжения. Рапсовое масло напитывает кожу витаминами и подтягивает, улучшая тонус и повышая упругость.Масло миндаля смягчает кожу, обеспечивая глубокое увлажнение и питание, предотвращая появление возрастных изменений. Масло жожоба насыщает кожу жирными кислотами, замедляет процессы старения, способствует удержанию влаги в коже. Массажное масло обеспечивает необходимый уровень и время скольжения, а также интенсивно ухаживает за кожей тела.Состав: масло рапсовое, масло миндальное, масло жожоба, парфюмерная композиция, ионол.Способ применения: Небольшое количество нанести на ладонь, чтобы оно слегка разогрелось, а затем массировать проблемные участки тела в течение нескольких минут, до полного впитывания в кожу.Меры предосторожности: провести тест на аллергическую реакцию! При попадании в глаза, промыть большим количеством воды. Избегать пребыв",good,"проблемы: возрастные изменения, жирность, потеря упругости; эффекты: антивозрастной уход, питание, расслабление, себорегуляция, смягчение, тонизирование, увлажнение; тип кожи: жирная, зрелая; тип волос: жирные, тонкие",Масло массажное расслабляющее тимохиноном | тело | уход | массажное масло | зрелая | возрастные изменения | жирность | потеря упругости | антивозрастной уход | питание | расслабление | себорегуляция | смягчение | тонизирование | увлажнение | масло жожоба | масло миндальное,https://socrimea.ru/catalog/telo/ukhod_3/maslo_massazhnoe_rasslablyayushchee_s_timokhinonom_100_ml_markirovka/,https://socrimea.ru/upload/iblock/59c/na73f690f2rp1yp46b9bpci7sjo27den.png,False,массажное масло_масло_массажное_расслабляющее_тимохиноном_,1,,SOC_0171
telo_all.json,тело,21,Масло предназначено для антицеллюлитного массажа тела,тело,уход,массажное масло,тело,,,,,потеря упругости | целлюлит,питание,масло авокадо | масло виноградной косточки | масло жожоба | масло розмарина | черного тмина | эфирное масло розмарина,"масло виноградной косточки, масло авокадо, масло жожоба, масло черного тмина, эфирное масло розмарина, эфирное масло мяты, эфирное масло кедра, ионол",масло виноградной косточки | масло авокадо | масло жожоба | масло черного тмина | эфирное масло розмарина | эфирное масло мяты | эфирное масло кедра | ионол,8,True,ионол | эфирное масло розмарина,"Небольшое количество нанести на ладонь, чтобы оно слегка разогрелось, а затем массировать проблемные участки тела в течение нескольких минут, до полного впитывания в кожу. Следует применять при ежедне",,,индивидуальная непереносимость компонентов,,"Масло предназначено для антицеллюлитного массажа тела. Процедура массажа стимулирует кровообращение, способствует дренажу жидкости в тканях. Комплекс натуральных масел (виноградной косточки, авокадо, жожоба, черного тмина) уменьшает признаки целлюлита и растяжек, разглаживает кожу и повышает ее упругость, оказывает подтягивающее действие, насыщает витаминами и минералами. Формула, обогащенная эфирными маслами (розмарина, мяты, кедра), также оказывает комбинацию разогревающего и охлаждающего эффекта для стимулирования лимфы. Лёгкая текстура масла, быстро впитывается, но при этом даёт великолепное скольжение для продолжительного массажа.","Масло предназначено для антицеллюлитного массажа тела. Процедура массажа стимулирует кровообращение, способствует дренажу жидкости в тканях. Комплекс натуральных масел (виноградной косточки, авокадо, жожоба, черного тмина) уменьшает признаки целлюлита и растяжек, разглаживает кожу и повышает ее упругость, оказывает подтягивающее действие, насыщает витаминами и минералами. Формула, обогащенная эфирными маслами (розмарина, мяты, кедра), также оказывает комбинацию разогревающего и охлаждающего эффекта для стимулирования лимфы. Лёгкая текстура масла, быстро впитывается, но при этом даёт великолепное скольжение для продолжительного массажа.Состав: масло виноградной косточки, масло авокадо, масло жожоба, масло черного тмина, эфирное масло розмарина, эфирное масло мяты, эфирное масло кедра, ионол.Способ применения: Небольшое количество нанести на ладонь, чтобы оно слегка разогрелось, а затем массировать проблемные участки тела в течение нескольких минут, до полного впитывания в кожу. Следует применять при ежедне",good,"проблемы: потеря упругости, целлюлит; эффекты: питание",Масло предназначено для антицеллюлитного массажа тела | тело | уход | массажное масло | потеря упругости | целлюлит | питание | масло авокадо | масло виноградной косточки | масло жожоба | масло розмарина | черного тмина | эфирное масло розмарина,https://socrimea.ru/catalog/telo/ukhod_3/maslo_massazhnoe_antitsellyulitnoe_s_timokhinonom_100_ml_markirovka/,https://socrimea.ru/upload/iblock/461/gjl3tevcd7w5nxvs2n8fqf6ayj8zoo6l.png,False,массажное масло_масло_предназначено_для_антицеллюлитного_массажа_тела_,1,,SOC_0172
telo_all.json,тело,25,"Массажное масло с тонизирующим и укрепляющим действиями тонизирует и омолаживает кожу, обладает общеукрепляющим действием",тело,уход,массажное масло,тело,,,,,возрастные изменения | огрубение кожи | потеря упругости,антивозрастной уход | восстановление | расслабление | смягчение | тонизирование | укрепление,масло виноградной косточки | масло жожоба,"масло виноградной косточки, масло рапсовое, масло жожоба, эфирное масло мандарина, эфирное масло розового дерева, эфирное масло нероли, ионол",масло виноградной косточки | масло рапсовое | масло жожоба | эфирное масло мандарина | эфирное масло розового дерева | эфирное масло нероли | ионол,7,True,ионол,"Небольшое количество масла следует нанести на ладонь, чтобы оно слегка разогрелось, а затем массировать необходимые участки тела в течение нескольких минут, до полного впитывания в кожу",,"при попадании в глаза, промыть их большим количеством воды. Избегайте пребывания на солнце после нанесения продукта","индивидуальная непереносимость компонентов; беременности и кормлении грудью; атопическом дерматите, экземе и других поражениях кожи; инфекционных заболеваниях; ранах, цар",,"Массажное масло с тонизирующим и укрепляющим действиями тонизирует и омолаживает кожу, обладает общеукрепляющим действием. Натуральный аромат массажного масла поднимает настроение, восстанавливает силы при эмоциональном истощении и хронической усталости. Масла смягчают огрубевшие участки кожи, способствуют повышению эластичности тканей.","Массажное масло с тонизирующим и укрепляющим действиями тонизирует и омолаживает кожу, обладает общеукрепляющим действием. Натуральный аромат массажного масла поднимает настроение, восстанавливает силы при эмоциональном истощении и хронической усталости. Масла смягчают огрубевшие участки кожи, способствуют повышению эластичности тканей. Состав: масло виноградной косточки, масло рапсовое, масло жожоба, эфирное масло мандарина, эфирное масло розового дерева, эфирное масло нероли, ионол. Способ применения: Небольшое количество масла следует нанести на ладонь, чтобы оно слегка разогрелось, а затем массировать необходимые участки тела в течение нескольких минут, до полного впитывания в кожу. Меры предосторожности: при попадании в глаза, промыть их большим количеством воды. Избегайте пребывания на солнце после нанесения продукта. Противопоказания: индивидуальная непереносимость компонентов; беременности и кормлении грудью; атопическом дерматите, экземе и других поражениях кожи; инфекционных заболеваниях; ранах, цар",good,"проблемы: возрастные изменения, огрубение кожи, потеря упругости; эффекты: антивозрастной уход, восстановление, расслабление, смягчение, тонизирование, укрепление","Массажное масло с тонизирующим и укрепляющим действиями тонизирует и омолаживает кожу, обладает общеукрепляющим действием | тело | уход | массажное масло | возрастные изменения | огрубение кожи | потеря упругости | антивозрастной уход | восстановление | расслабление | смягчение | тонизирование | укрепление | масло виноградной косточки | масло жожоба",https://socrimea.ru/catalog/telo/ukhod_3/maslo_massazhnoe_toniziruyushchee_s_timokhinonom_100_ml_markirovka/,https://socrimea.ru/upload/iblock/327/7yvgy2cev23ogabfjxu1f4n7ghfenr35.png,False,массажное масло_массажное_масло_с_тонизирующим_и_укрепляющим_действиями_тонизирует_и_омолаживает_кожу_обладает_общеукрепляющим_действием_,1,,SOC_0173
